date,Open,High,Low,Close,Volume
2/21/2019 16:00:00,51.32,51.84,51.21,51.41,16162142
2/22/2019 16:00:00,52.7,52.98,52.06,52.49,31934146
2/25/2019 16:00:00,53.06,53.61,52.86,53.1,20711750
2/26/2019 16:00:00,53.01,53.37,52.91,53.23,16082213
2/27/2019 16:00:00,52.76,53.38,52.51,53.24,17590309
2/28/2019 16:00:00,52.92,53.18,52.81,52.96,18388820
03/01/2019 16:00,53.44,53.68,52.89,53.3,18359325
03/04/2019 16:00,53.75,54.1,53.21,53.94,21706135
03/05/2019 16:00,53.85,53.99,53.11,53.68,21057745
03/06/2019 16:00,53.63,53.65,52.94,52.95,14740525
03/07/2019 16:00,52.77,52.99,52.36,52.6,17803407
03/08/2019 16:00,51.97,52.56,51.7,52.48,16793891
03/11/2019 16:00,52.88,53.65,52.57,53.35,18962954
03/12/2019 16:00,53.34,53.96,53.18,53.57,20782077
3/13/2019 16:00:00,54,54.57,53.65,54.37,25522312
3/14/2019 16:00:00,54.3,54.45,53.33,53.44,26647060
3/15/2019 16:00:00,53.68,54.69,53.68,54.33,46485239
3/18/2019 16:00:00,54.42,54.51,53.87,54.1,16273986
3/19/2019 16:00:00,54.47,54.65,54,54.17,18274766
3/20/2019 16:00:00,54.06,54.4,53.61,53.82,24325283
3/21/2019 16:00:00,53.92,54.99,53.84,54.64,19127216
3/22/2019 16:00:00,54.4,54.62,53.21,53.26,21438435
3/25/2019 16:00:00,52.97,53.55,52.38,52.78,16971406
3/26/2019 16:00:00,53.32,53.77,53.04,53.44,17724346
3/27/2019 16:00:00,53.59,53.86,52.94,53.16,19655973
3/28/2019 16:00:00,53.25,53.44,52.77,53.11,13607888
3/29/2019 16:00:00,53.8,54.04,53.48,53.7,18736074
04/01/2019 16:00,54.34,54.57,54.1,54.51,17830437
04/02/2019 16:00,54.53,54.8,54.23,54.36,13704511
04/03/2019 16:00,55.03,55.99,54.89,55.48,24552838
04/04/2019 16:00,55.27,56.14,55.27,55.92,16520453
04/05/2019 16:00,55.75,55.95,54.87,55.6,19268396
04/08/2019 16:00,55.28,55.74,55.2,55.68,11758823
04/09/2019 16:00,55.35,55.43,54.9,55.32,13339677
04/10/2019 16:00,55.32,55.86,55.32,55.75,13084042
04/11/2019 16:00,55.76,56.07,55.63,55.8,10845819
04/12/2019 16:00,56.21,56.49,55.84,56.42,12910185
4/15/2019 16:00:00,56.46,56.56,55.92,56.28,11676910
4/16/2019 16:00:00,56.66,57.47,56.07,56.71,30301933
4/17/2019 16:00:00,58.44,59.59,58.12,58.56,38788448
4/18/2019 16:00:00,58.71,58.88,58.12,58.49,20464197
4/22/2019 16:00:00,58.15,58.83,57.88,58.82,12327484
4/23/2019 16:00:00,58.89,58.98,58.5,58.78,17739929
4/24/2019 16:00:00,58.52,59.29,58.14,58.72,17723745
4/25/2019 16:00:00,58.3,58.38,57.23,57.61,27949926
4/26/2019 16:00:00,52.74,53.09,51.52,52.43,72364512
4/29/2019 16:00:00,52.17,52.43,51,51.11,42142301
4/30/2019 16:00:00,51,51.43,50.87,51.04,27130855
05/01/2019 16:00,51.1,51.6,50.74,50.76,20467582
05/02/2019 16:00,50.8,51.33,50.12,50.55,22655397
05/03/2019 16:00,51.08,51.82,50.73,51.75,25656641
05/06/2019 16:00,50.25,51.28,50.19,51.22,26245240
05/07/2019 16:00,50.6,50.88,49.93,50.48,29713382
05/08/2019 16:00,50.2,50.79,49.07,49.24,36812429
05/09/2019 16:00,47.9,48.29,46.05,46.62,59642160
05/10/2019 16:00,46.44,46.8,45.1,46.2,42522778
5/13/2019 16:00:00,45.33,45.64,44.7,44.76,39091928
5/14/2019 16:00:00,45.18,45.49,44.87,45.17,24706458
5/15/2019 16:00:00,44.92,45.75,44.76,45.62,23407893
5/16/2019 16:00:00,45.47,45.95,45.42,45.53,19954653
5/17/2019 16:00:00,45.18,45.73,44.76,44.89,22500360
5/20/2019 16:00:00,44,44.52,43.45,43.56,28674965
5/21/2019 16:00:00,44.34,44.78,44.18,44.46,25543371
5/22/2019 16:00:00,44.15,44.46,43.85,44,16932520
5/23/2019 16:00:00,43.37,44.74,42.86,44.53,35783928
5/24/2019 16:00:00,44.59,45.05,44.49,44.57,27168066
5/28/2019 16:00:00,44.66,44.69,43.3,43.57,34779863
5/29/2019 16:00:00,43.35,44.53,43.33,44.23,28450341
5/30/2019 16:00:00,44.3,45.03,44.23,44.73,21618859
5/31/2019 16:00:00,44.18,44.79,43.93,44.04,25532529
06/03/2019 16:00,44.25,44.59,43.2,43.46,31155678
06/04/2019 16:00,44.16,44.86,43.77,44.79,28094917
06/05/2019 16:00,45.11,45.18,44.19,44.55,20802012
06/06/2019 16:00,44.75,45.17,44.51,45.1,19076170
06/07/2019 16:00,45.25,46.12,45.1,46.03,24370253
06/10/2019 16:00,46.23,47.19,46.2,46.8,20806083
06/11/2019 16:00,47.26,47.32,46.52,46.85,18415495
06/12/2019 16:00,46.67,46.67,46.25,46.32,15900569
6/13/2019 16:00:00,46.6,46.96,46.53,46.7,12267633
6/14/2019 16:00:00,45.83,46.42,45.55,46.19,15381077
6/17/2019 16:00:00,46.14,46.53,45.8,46.13,12643343
6/18/2019 16:00:00,46.75,48,46.6,47.37,25732293
6/19/2019 16:00:00,47.48,47.58,47,47.07,17436381
6/20/2019 16:00:00,47.87,48.05,46.87,47.19,20126780
6/21/2019 16:00:00,46.95,47.73,46.8,47.46,31096251
6/24/2019 16:00:00,47.4,47.85,47.17,47.63,14479942
6/25/2019 16:00:00,47.56,47.68,46.8,46.85,16665577
6/26/2019 16:00:00,47.65,48.48,47.56,48.19,21886309
6/27/2019 16:00:00,48.15,48.42,47.24,47.46,23062947
6/28/2019 16:00:00,47.77,48.2,47.68,47.87,26646183
07/01/2019 16:00,49.29,49.45,47.75,48.05,27505447
07/02/2019 16:00,47.91,48.22,47.69,48.12,15384686
07/03/2019 13:00,48.18,48.56,48,48.52,10739100
07/05/2019 16:00,48.03,48.18,47.44,48.08,14339228
07/08/2019 16:00,47.62,47.95,47.07,47.82,16564291
07/09/2019 16:00,47.36,47.8,47.13,47.75,17853185
07/10/2019 16:00,47.92,48.61,47.9,48.21,16032269
07/11/2019 16:00,48.56,48.78,48.31,48.6,16615082
07/12/2019 16:00,49,49.93,48.81,49.92,20148730
7/15/2019 16:00:00,50,50.25,49.77,50.12,14345082
7/16/2019 16:00:00,49.91,50,48.96,49.17,17131368
7/17/2019 16:00:00,49.5,49.7,49.24,49.39,11928605
7/18/2019 16:00:00,49.28,49.99,48.89,49.94,15679636
7/19/2019 16:00:00,49.96,50.66,49.91,50.27,29141087
7/22/2019 16:00:00,50.01,51.52,49.89,51.35,21686529
7/23/2019 16:00:00,52,52,51.3,51.75,18413520
7/24/2019 16:00:00,51.98,52.97,51.8,52.92,20896369
7/25/2019 16:00:00,52.51,52.6,51.88,52.16,27765432
7/26/2019 16:00:00,52.69,53.5,51.53,51.59,36401545
7/29/2019 16:00:00,51.53,52.56,50.78,52.51,21897455
7/30/2019 16:00:00,51.71,52.31,51.56,51.7,16487692
7/31/2019 16:00:00,51.51,51.72,50.05,50.55,24169751
08/01/2019 16:00,50.52,51.89,49.47,49.5,34020779
08/02/2019 16:00,49.09,49.36,48.5,48.68,27881620
08/05/2019 16:00,47.76,47.96,46.57,46.97,38936649
08/06/2019 16:00,47.15,47.56,46.77,46.96,26119563
08/07/2019 16:00,46.3,46.88,45.97,46.73,29440393
08/08/2019 16:00,46.16,47.37,45.91,47.17,30643740
08/09/2019 16:00,46.94,47,45.78,45.98,24975455
08/12/2019 16:00,45.76,46.07,45.44,45.6,18494298
8/13/2019 16:00:00,45.49,47.05,45.36,46.84,29374656
8/14/2019 16:00:00,46.06,46.63,45.65,45.87,25650218
8/15/2019 16:00:00,46.1,46.18,45.44,45.7,21992683
8/16/2019 16:00:00,46.34,46.68,46.06,46.5,23335693
8/19/2019 16:00:00,47.46,47.6,47.04,47.23,21404916
8/20/2019 16:00:00,47.03,47.12,46.46,46.6,23115324
8/21/2019 16:00:00,47.11,47.29,46.89,47.15,15915801
8/22/2019 16:00:00,47.28,47.43,46.69,46.78,19785890
8/23/2019 16:00:00,46.35,46.63,44.8,44.96,32817083
8/26/2019 16:00:00,45.82,45.82,45.25,45.56,22086633
8/27/2019 16:00:00,45.87,46.12,45.5,45.79,16927568
8/28/2019 16:00:00,45.7,45.91,45.37,45.79,14895346
8/29/2019 16:00:00,46.46,47.22,46.4,46.87,17806113
8/30/2019 16:00:00,47.24,47.79,47.16,47.41,16923146
09/03/2019 16:00,47.12,47.22,46.5,46.98,15010268
09/04/2019 16:00,47.56,48.95,47.54,48.92,23472112
09/05/2019 16:00,49.93,51.17,49.87,50.1,30023117
09/06/2019 16:00,50.25,50.99,50.07,50.92,17067940
09/09/2019 16:00,51.06,52.03,51.02,51.59,20749659
09/10/2019 16:00,51.33,51.84,50.83,51.82,18532029
09/11/2019 16:00,51.6,52.79,51.38,52.79,18968942
09/12/2019 16:00,53,53.33,52.07,53.01,23308710
9/13/2019 16:00:00,52.76,53,52.23,52.54,18010814
9/16/2019 16:00:00,51.9,52.29,51.7,52.2,13354588
9/17/2019 16:00:00,52.05,52.14,51.35,51.95,19888219
9/18/2019 16:00:00,52.13,52.13,51.16,51.74,15029864
9/19/2019 16:00:00,51.7,51.99,51.5,51.57,11849919
9/20/2019 16:00:00,51.6,51.88,50.56,50.72,38632498
9/23/2019 16:00:00,50.83,51.23,50.39,50.9,21574149
9/24/2019 16:00:00,51.1,51.18,49.64,49.82,28472934
9/25/2019 16:00:00,49.75,51.21,49.42,51.02,20120838
9/26/2019 16:00:00,50.98,51.15,50.34,50.92,11482105
9/27/2019 16:00:00,50.63,51.22,50.34,50.78,14846405
9/30/2019 16:00:00,51.19,51.6,50.94,51.53,14059201
10/01/2019 16:00,51.97,52.24,50.43,50.76,18487336
10/02/2019 16:00,50.31,50.37,48.98,49.39,21436998
10/03/2019 16:00,49.5,50.07,48.53,50.03,17235566
10/04/2019 16:00,50.35,50.97,50.03,50.92,12748071
10/07/2019 16:00,50.7,51.23,50.56,50.62,12722054
10/08/2019 16:00,50.16,50.48,49.61,49.73,17884433
10/09/2019 16:00,50.47,50.79,50.15,50.48,12189955
10/10/2019 16:00,50.41,51.78,50.4,51.11,14611658
10/11/2019 16:00,52,52.79,51.82,52.09,24167112
10/14/2019 16:00:00,51.9,51.95,51.44,51.64,16425533
10/15/2019 16:00:00,51.93,53.07,51.83,52.65,18970764
10/16/2019 16:00:00,52.35,52.56,52.12,52.45,15173069
10/17/2019 16:00:00,52.64,52.84,51.38,51.86,16918323
10/18/2019 16:00:00,51.75,51.82,51.03,51.36,16975159
10/21/2019 16:00:00,51.52,52.17,51.34,52.13,13120652
10/22/2019 16:00:00,51.9,52.32,51.89,52.01,13347316
10/23/2019 16:00:00,51.37,51.96,51.2,51.72,15961603
10/24/2019 16:00:00,52.09,52.43,51.43,52.23,25654058
10/25/2019 16:00:00,54.19,56.61,53.92,56.46,59767680
10/28/2019 16:00:00,56.38,56.81,56.06,56.76,32307512
10/29/2019 16:00:00,56.37,57.24,56.24,56.34,18155771
10/30/2019 16:00:00,56.32,56.63,55.62,56.6,15247999
10/31/2019 16:00:00,56.33,56.6,55.62,56.53,19249679
11/01/2019 16:00,55.94,56.65,55.62,56.51,17953467
11/04/2019 16:00,56.93,57.8,56.85,57.61,19067981
11/05/2019 16:00,57.47,58.35,57.21,57.55,20865354
11/06/2019 16:00,57.49,57.71,56.98,57.6,17720996
11/07/2019 16:00,58,58.55,57.86,58.05,16962846
11/08/2019 16:00,57.85,58.3,57.31,58.27,11890273
11/11/2019 16:00,57.97,58.5,57.9,58.35,11236365
11/12/2019 16:00,58.4,58.8,58.03,58.2,11954038
11/13/2019 16:00:00,57.87,57.97,57.35,57.89,15409832
11/14/2019 16:00:00,57.61,58.04,57.57,57.81,12141218
11/15/2019 16:00:00,58.17,58.7,57.62,57.96,16112991
11/18/2019 16:00:00,57.7,58.48,57.57,58.25,16101282
11/19/2019 16:00:00,58.48,58.65,57.75,58.35,17062825
11/20/2019 16:00:00,58.26,58.36,57.37,57.9,18559091
11/21/2019 16:00:00,57.49,58.3,57.41,58.22,16139031
11/22/2019 16:00:00,58.34,58.65,57.49,57.61,15690160
11/25/2019 16:00:00,58,58.84,58,58.81,15012416
11/26/2019 16:00:00,58.95,59.13,58.45,58.9,22381498
11/27/2019 16:00:00,58.53,58.59,57.91,58.51,18185512
11/29/2019 13:00:00,58.15,58.3,57.79,58.05,9481129
12/02/2019 16:00,58.55,58.69,57.47,57.66,19166768
12/03/2019 16:00,56.86,56.86,55.75,56.07,26613647
12/04/2019 16:00,56.66,56.66,55.86,56.02,18882730
12/05/2019 16:00,56.41,56.41,55.76,56.08,17675582
12/06/2019 16:00,56.66,56.99,56.42,56.81,16477405
12/09/2019 16:00,56.54,56.96,56.5,56.53,14467822
12/10/2019 16:00,56.71,56.83,56.44,56.59,16157977
12/11/2019 16:00,56.91,57.17,56.58,57.07,20051865
12/12/2019 16:00,56.75,58.05,56.61,57.55,27896156
12/13/2019 16:00:00,57.55,58.34,57.38,57.79,22795852
12/16/2019 16:00:00,58.21,58.57,57.65,57.7,19135285
12/17/2019 16:00:00,58,58.1,57.13,57.3,21656376
12/18/2019 16:00:00,57.39,57.46,56.94,57.17,28273062
12/19/2019 16:00:00,57.17,57.99,56.97,57.96,18869002
12/20/2019 16:00:00,58.32,59.05,57.89,58.95,49970823
12/23/2019 16:00:00,59.06,59.78,59.04,59.23,23593186
12/24/2019 13:00:00,59.25,59.48,59.16,59.41,6313179
12/26/2019 16:00:00,59.41,59.85,59.35,59.82,11486640
12/27/2019 16:00:00,59.91,60.48,59.9,60.08,14086147
12/30/2019 16:00:00,59.99,60.05,59.38,59.62,12751111
12/31/2019 16:00:00,59.62,59.93,59.36,59.85,14435832
01/02/2020 16:00,60.24,60.97,60.22,60.84,17713404
01/03/2020 16:00,59.81,60.7,59.81,60.1,15298577
01/06/2020 16:00,59.59,60.2,59.33,59.93,17759137
01/07/2020 16:00,59.78,59.8,58.89,58.93,21960524
01/08/2020 16:00,58.89,59.32,58.52,58.97,23138274
01/09/2020 16:00,59.05,59.51,58.83,59.3,18818492
01/10/2020 16:00,59.57,60.08,58.87,58.94,15201929
1/13/2020 16:00:00,59.17,59.78,59.08,59.59,16455825
1/14/2020 16:00:00,59.49,59.74,59.19,59.43,17092446
1/15/2020 16:00:00,59.3,59.65,58.75,58.94,18498803
1/16/2020 16:00:00,59.26,59.84,59.07,59.66,21365530
1/17/2020 16:00:00,59.98,60,59.24,59.6,21803446
1/21/2020 16:00:00,59.81,61.25,59.79,60.55,28358468
1/22/2020 16:00:00,61.04,62.85,60.97,62.73,29475122
1/23/2020 16:00:00,62.86,63.71,62.81,63.32,42778737
1/24/2020 16:00:00,66.57,69.29,66.46,68.47,84711037
1/27/2020 16:00:00,66.72,67.42,65.6,65.69,30764002
1/28/2020 16:00:00,66.5,67.58,65.94,67.31,30915394
1/29/2020 16:00:00,67.63,68.06,66.17,66.33,18076688
1/30/2020 16:00:00,65.64,66.5,64.93,66.47,18522360
1/31/2020 16:00:00,65.8,65.98,63.67,63.93,25268428
02/03/2020 16:00,64.46,65.04,64.3,64.42,16654563
02/04/2020 16:00,65.77,66.06,64.92,65.46,20970754
02/05/2020 16:00,66.69,67.6,66.13,67.34,23401417
02/06/2020 16:00,67.3,67.4,66.77,67.09,17408038
02/07/2020 16:00,66.86,67.3,66.01,66.02,18134646
02/10/2020 16:00,65.56,66.4,65.44,66.39,22299288
02/11/2020 16:00,66.83,67.71,66.57,67.41,17975623
02/12/2020 16:00,67.6,68.09,67.31,67.46,15586600
2/13/2020 16:00:00,66.99,67.65,66.74,67.44,11602733
2/14/2020 16:00:00,67.52,67.86,66.82,67.27,13405451
2/18/2020 16:00:00,66.66,66.69,65.88,66.14,12766566
2/19/2020 16:00:00,66.39,67.2,66.18,67.11,13551202
2/20/2020 16:00:00,67.04,67.29,64.56,65.45,26452594
2/21/2020 16:00:00,65.18,65.25,64.04,64.34,20780465
2/24/2020 16:00:00,61.61,62.77,61.32,61.76,26903117
2/25/2020 16:00:00,61.99,62.28,59.46,59.73,34495728
2/26/2020 16:00:00,60.11,60.82,59.27,59.65,26217740
2/27/2020 16:00:00,57.93,58.51,55.8,55.83,42226859
2/28/2020 16:00:00,54.3,56.38,53.6,55.52,60727999
03/02/2020 16:00,55.79,58.22,54.52,58.18,43140304
03/03/2020 16:00,58.03,59.02,55.4,55.97,49740276
03/04/2020 16:00,57.01,58.71,56.16,58.68,29223071
03/05/2020 16:00,57.06,58.66,56.61,56.96,29099163
03/06/2020 16:00,55.18,56.01,54.54,55.77,36259158
03/09/2020 16:00,51.92,52.71,50,50.85,56196983
03/10/2020 16:00,52.76,54,50.43,53.98,36568951
03/11/2020 16:00,52.39,53.54,51.01,51.66,38573961
03/12/2020 16:00,47.99,50.09,45.37,45.54,50661745
3/13/2020 16:00:00,48.26,55,47.74,54.43,48805059
3/16/2020 16:00:00,47.51,52.25,43.63,44.61,53878939
3/17/2020 16:00:00,45.76,51.63,45.2,50.08,52085162
3/18/2020 16:00:00,46.71,50.05,45.2,47.61,49309879
3/19/2020 16:00:00,47.84,49.23,45.16,45.94,44538030
3/20/2020 16:00:00,46.51,49.42,45.47,45.83,52344045
3/23/2020 16:00:00,46.02,50.49,45.91,49.58,46698478
3/24/2020 16:00:00,53.14,54.64,51.35,52.4,50019753
3/25/2020 16:00:00,52.48,53.79,49.91,51.26,41106063
3/26/2020 16:00:00,51.74,55.95,51.66,55.54,41475406
3/27/2020 16:00:00,53.42,54.64,52.07,52.37,31633487
3/30/2020 16:00:00,52.99,56.1,52.83,55.49,31628610
3/31/2020 16:00:00,55.06,55.8,53.22,54.12,48081861
04/01/2020 16:00,52.5,54.69,51.43,51.88,29586562
04/02/2020 16:00,51.29,54.56,51.22,54.35,27809987
04/03/2020 16:00,53.85,55.13,52.73,54.13,23906062
04/06/2020 16:00,56.63,58.77,56.12,58.43,32323387
04/07/2020 16:00,59.94,61.49,58.21,58.4,41410012
04/08/2020 16:00,58.99,59.51,57.91,58.98,26719500
04/09/2020 16:00,59.36,59.72,56.06,57.14,40515419
4/13/2020 16:00:00,56.57,58.77,56.57,58.7,23251938
4/14/2020 16:00:00,60.04,60.9,59.51,60.66,25673992
4/15/2020 16:00:00,59.74,59.83,58.39,58.87,22841552
4/16/2020 16:00:00,59.61,60.96,58.81,60.79,24433516
4/17/2020 16:00:00,62.02,62.13,59.83,60.36,27385636
4/20/2020 16:00:00,59.28,60.04,58.89,59.18,26420309
4/21/2020 16:00:00,58.11,58.6,55.93,56.36,25248033
4/22/2020 16:00:00,58.27,60.5,57.81,60.1,23443745
4/23/2020 16:00:00,59.67,60.1,58.81,59.04,35091952
4/24/2020 16:00:00,56.2,59.4,56.1,59.26,50220505
4/27/2020 16:00:00,59.72,59.83,58.39,59.47,25902236
4/28/2020 16:00:00,59.99,60.22,58.26,58.75,28784707
4/29/2020 16:00:00,59.44,62.03,59.32,61.8,30451541
4/30/2020 16:00:00,61.37,61.54,59.75,59.98,26279877
05/01/2020 16:00,58.83,59.32,57.31,57.47,21194802
05/04/2020 16:00,57.12,58.07,56.31,57.99,18957227
05/05/2020 16:00,58.79,59.3,58.35,58.75,17252063
05/06/2020 16:00,59.04,59.95,58.94,59.18,17848655
05/07/2020 16:00,59.93,60.1,58.92,59.17,14733519
05/08/2020 16:00,59.67,59.78,59.05,59.67,20391091
05/11/2020 16:00,59.74,60.84,59.71,60.13,18684439
05/12/2020 16:00,60.22,60.64,58.26,58.39,16754898
5/13/2020 16:00:00,58.45,59.23,56.9,57.74,21064971
5/14/2020 16:00:00,57.32,59.15,56.1,59.08,21569352
5/15/2020 16:00:00,57.4,58.37,56.96,58.28,21373268
5/18/2020 16:00:00,59.74,60.28,59.36,59.92,20443708
5/19/2020 16:00:00,60.13,61.77,59.85,60.29,21865009
5/20/2020 16:00:00,61.16,63.49,61.02,63.1,30583988
5/21/2020 16:00:00,63.1,63.8,61.82,61.98,20987740
5/22/2020 16:00:00,61.98,62.32,61.42,62.26,14103013
5/26/2020 16:00:00,63.68,64.14,62.12,62.34,20933556
5/27/2020 16:00:00,62.32,63.59,61.07,63.56,19886271
5/28/2020 16:00:00,63,63.45,61.49,61.7,17264131
5/29/2020 16:00:00,61.9,63.66,61.62,62.93,33395738
06/01/2020 16:00,62.49,62.66,61.66,61.86,14329044
06/02/2020 16:00,61.7,62.17,60.83,62.12,20702353
06/03/2020 16:00,62.45,62.54,61.53,61.93,16737271
06/04/2020 16:00,61.74,63.47,61.34,62.97,22010142
06/05/2020 16:00,63.36,65.11,63.16,64.34,26813098
06/08/2020 16:00,63.97,64.15,62.94,63.67,21546178
06/09/2020 16:00,62.99,63.71,62.9,63.04,23594133
06/10/2020 16:00,62.79,64.29,62.75,63.87,21367845
06/11/2020 16:00,63.07,63.3,59.52,59.7,26998242
06/12/2020 16:00,60.11,60.96,58.12,59.33,30419768
6/15/2020 16:00:00,59.33,60.36,58.58,60.1,29651719
6/16/2020 16:00:00,61.49,61.65,59.49,60.4,23226634
6/17/2020 16:00:00,60.74,61.28,60.06,60.49,20454771
6/18/2020 16:00:00,60.35,60.51,59.32,60.08,24899699
6/19/2020 16:00:00,60.65,60.89,59.1,59.62,60324579
6/22/2020 16:00:00,59.73,60.55,58.83,60.09,22846013
6/23/2020 16:00:00,60.19,60.47,59.86,59.92,22809579
6/24/2020 16:00:00,59.64,59.81,58.67,59.09,27764482
6/25/2020 16:00:00,58.98,59.09,57.48,58.51,21906941
6/26/2020 16:00:00,58.49,58.73,57.07,57.5,38477509
6/29/2020 16:00:00,57.47,58.35,56.76,58.27,22150266
6/30/2020 16:00:00,58.71,59.98,58.54,59.83,31542056
07/01/2020 16:00,59.91,60.03,58.76,58.81,14748072
07/02/2020 16:00,59.19,59.81,58.97,59.13,15578580
07/06/2020 16:00,58.72,59.62,58.6,59.54,20536717
07/07/2020 16:00,59.07,59.57,58.14,58.31,15996487
07/08/2020 16:00,58.45,58.7,57.93,58.61,13277868
07/09/2020 16:00,58.2,58.75,57.7,58.42,20683689
07/10/2020 16:00,57.95,59.69,57.83,59.53,17742324
7/13/2020 16:00:00,59.84,60.62,58.39,58.58,19082943
7/14/2020 16:00:00,57.87,59.25,57.35,58.98,24190866
7/15/2020 16:00:00,59.03,59.34,58.42,59.03,19986312
7/16/2020 16:00:00,58.54,59.36,58.4,59.14,12425873
7/17/2020 16:00:00,59.42,60.46,59.28,60,16322814
7/20/2020 16:00:00,60.08,61.38,59.34,61.15,16868660
7/21/2020 16:00:00,61.52,61.93,60.44,60.7,19830305
7/22/2020 16:00:00,61.31,61.77,60.62,61.05,18959921
7/23/2020 16:00:00,61.26,61.74,59.98,60.4,43518551
7/24/2020 16:00:00,52.15,52.18,49.5,50.59,182269902
7/27/2020 16:00:00,51.03,51.14,49.47,49.57,107526547
7/28/2020 16:00:00,49.48,50.23,49.14,49.24,62362611
7/29/2020 16:00:00,49.49,49.5,47.9,48.07,60500806
7/30/2020 16:00:00,47.83,48.5,47.59,47.99,39735185
7/31/2020 16:00:00,48.13,48.32,46.97,47.73,46569883
08/03/2020 16:00,48.27,48.63,47.74,48.3,31767139
08/04/2020 16:00,48.6,49.14,48.5,49.13,29045836
08/05/2020 16:00,49.72,49.72,48.66,48.92,29471066
08/06/2020 16:00,48.79,48.82,48.1,48.57,23795529
08/07/2020 16:00,48.53,48.65,47.7,48.03,36765228
08/10/2020 16:00,48.2,49.39,48.06,49.22,37442609
08/11/2020 16:00,49.63,49.73,48.06,48.19,35348092
08/12/2020 16:00,48.67,49.26,48.24,49.19,30687169
8/13/2020 16:00:00,49.26,49.33,48.39,48.56,24774512
8/14/2020 16:00:00,48.73,49.21,48.65,48.89,22321168
8/17/2020 16:00:00,49.11,49.31,48.73,48.93,20018273
8/18/2020 16:00:00,49.26,49.57,48.62,48.65,19251395
8/19/2020 16:00:00,48.79,48.98,48.25,48.33,27774975
8/20/2020 16:00:00,49.81,50.2,49,49.17,55081342
8/21/2020 16:00:00,49.02,49.31,48.65,49.28,34316470
8/24/2020 16:00:00,49.26,49.4,48.82,49.14,36295307
8/25/2020 16:00:00,49.35,49.88,49.21,49.43,38384329
8/26/2020 16:00:00,49.39,49.67,49.23,49.55,28616620
8/27/2020 16:00:00,49.79,49.93,49.17,49.4,24420613
8/28/2020 16:00:00,49.57,50.8,49.46,50.43,35384684
8/31/2020 16:00:00,51,51.5,50.32,50.95,46114133
09/01/2020 16:00,50.91,51,50.22,50.79,30522707
09/02/2020 16:00,51.21,52.68,51.09,52.25,53000730
09/03/2020 16:00,52.5,52.62,50.14,50.39,47394340
09/04/2020 16:00,50.53,51.23,49.49,50.08,43318369
09/08/2020 16:00,49.26,49.9,48.85,48.91,39752694
09/09/2020 16:00,49.53,49.97,49.04,49.62,33437273
09/10/2020 16:00,50,50.09,48.71,48.96,32649149
09/11/2020 16:00,49.26,50.05,48.95,49.28,29333570
9/14/2020 16:00:00,48.85,49.72,48.85,49.41,27212491
9/15/2020 16:00:00,49.79,50.6,49.73,50,27598263
9/16/2020 16:00:00,50.51,51.03,50.17,50.37,26555283
9/17/2020 16:00:00,49.37,50.49,49.3,50.32,26959934
9/18/2020 16:00:00,50.33,50.5,49.04,49.89,50123495
9/21/2020 16:00:00,49.39,49.75,48.83,49.72,27377117
9/22/2020 16:00:00,49.89,50.21,49.47,49.95,22290855
9/23/2020 16:00:00,49.83,50.15,48.66,48.82,30078801
9/24/2020 16:00:00,48.53,49.64,48.42,49.16,29343397
9/25/2020 16:00:00,48.96,50.28,48.75,49.94,26633411
9/28/2020 16:00:00,50.51,51.46,50.16,51.43,29652247
9/29/2020 16:00:00,51.31,51.74,50.95,51.19,19687447
9/30/2020 16:00:00,51.24,52.38,51.15,51.78,27711346
10/01/2020 16:00,52.4,52.72,51.99,52.24,22127580
10/02/2020 16:00,51.5,51.98,50.99,51.01,25811766
10/05/2020 16:00,51.3,51.81,51.27,51.69,20883245
10/06/2020 16:00,51.71,52.7,51.23,51.37,25642790
10/07/2020 16:00,51.85,52.9,51.79,52.67,21978673
10/08/2020 16:00,52.91,53.58,52.67,53.37,22369537
10/09/2020 16:00,53.55,53.85,52.67,52.82,24343898
10/12/2020 16:00,53.55,54.2,53.21,53.88,27303474
10/13/2020 16:00:00,54.27,54.29,53.62,53.83,20005769
10/14/2020 16:00:00,54.01,54.4,53.51,53.55,21885105
10/15/2020 16:00:00,52.75,53.98,52.62,53.85,18272865
10/16/2020 16:00:00,53.9,54.7,53.9,54.16,23421388
10/19/2020 16:00:00,54.47,56.23,53.84,54.58,43537219
10/20/2020 16:00:00,54.6,54.7,53.27,53.43,27224899
10/21/2020 16:00:00,53.14,54.07,52.82,53.5,21866025
10/22/2020 16:00:00,53.12,54.22,53.07,53.9,41522739
10/23/2020 16:00:00,48.35,48.67,47.66,48.2,97322490
10/26/2020 16:00:00,47.85,47.86,46.25,46.72,54161291
10/27/2020 16:00:00,45.98,46.41,45.36,45.64,50130518
10/28/2020 16:00:00,44.89,45.29,44.2,44.25,45066011
10/29/2020 16:00:00,44.24,44.47,43.92,44.11,36796801
10/30/2020 16:00:00,44.1,44.8,43.61,44.28,46794171
11/02/2020 16:00,44.96,45.06,44.24,44.46,33856742
11/03/2020 16:00,44.73,45.46,44.7,44.85,33587541
11/04/2020 16:00,45.11,46.15,44.78,45.7,34748153
11/05/2020 16:00,46.15,46.38,45.53,45.68,31103209
11/06/2020 16:00,45.54,45.8,44.9,45.39,36233675
11/09/2020 16:00,46.64,47.35,45.54,45.6,48481729
11/10/2020 16:00,45.4,46.48,45.25,45.44,39224462
11/11/2020 16:00,45.9,46.46,45.86,46.35,31496938
11/12/2020 16:00,46.13,46.19,44.55,44.95,42909915
11/13/2020 16:00:00,44.99,45.58,44.97,45.46,30898107
11/16/2020 16:00:00,46.04,46.75,45.79,46.19,36306293
11/17/2020 16:00:00,45.75,46.12,45.41,45.53,31072061
11/18/2020 16:00:00,45.55,45.69,45.04,45.06,32817918
11/19/2020 16:00:00,44.92,45.67,44.7,45.62,29469084
11/20/2020 16:00:00,45.66,45.88,45.33,45.39,24199278
11/23/2020 16:00:00,45.48,46.21,45.45,46.06,35489638
11/24/2020 16:00:00,46.29,47.3,46.01,47.01,33901172
11/25/2020 16:00:00,47.03,47.18,46.57,47.05,28126887
11/27/2020 13:00:00,47.36,48.1,47.36,47.45,15921420
11/30/2020 16:00:00,47.42,48.5,47.27,48.35,46332671
12/01/2020 16:00,48.75,50.23,48.71,49.56,57778192
12/02/2020 16:00,49.22,50.06,49.18,49.9,33753518
12/03/2020 16:00,49.92,51.11,49.78,50.99,50261151
12/04/2020 16:00,51.06,52.65,51,51.99,39767719
12/07/2020 16:00,51,51.29,49.56,50.2,51040300
12/08/2020 16:00,49.83,50.72,49.81,50.69,28956507
12/09/2020 16:00,50.28,50.84,49.73,50.07,34068390
12/10/2020 16:00,49.66,50.72,49.59,50.26,33705981
12/11/2020 16:00,50.14,50.14,49.12,49.73,29398840
12/14/2020 16:00:00,49.82,51.34,49.74,50.47,33436404
12/15/2020 16:00:00,50.98,51.01,50.21,50.67,25472993
12/16/2020 16:00:00,50.71,51.46,50.68,51.12,28350977
12/17/2020 16:00:00,51.15,51.32,50.22,50.65,26399017
12/18/2020 16:00:00,50.57,50.68,47.11,47.46,119298410
12/21/2020 16:00:00,46.32,46.45,45.24,46.36,53775701
12/22/2020 16:00:00,46.25,46.34,45.77,46.17,32188769
12/23/2020 16:00:00,46.17,47.03,46.07,46.57,22564228
12/24/2020 13:00:00,46.6,47.09,46.34,47.07,11865642
12/28/2020 16:00:00,47.19,47.64,46.86,47.07,21269166
12/29/2020 16:00:00,47.22,50.67,46.49,49.39,84531388
12/30/2020 16:00:00,49.11,49.19,48.56,48.75,37385409
12/31/2020 16:00:00,48.75,50.19,48.72,49.82,28576790
01/04/2021 16:00,49.89,51.39,49.4,49.67,46102459
01/05/2021 16:00,49.45,50.83,49.33,50.61,24866563
01/06/2021 16:00,50.44,52.15,50.2,51.1,36809644
01/07/2021 16:00,51.49,52.69,51.3,52.19,32092336
01/08/2021 16:00,52.45,52.53,51.27,51.65,34625379
01/11/2021 16:00,51.29,52.24,51.25,51.54,32933279
01/12/2021 16:00,51.9,53.85,51.56,53.24,39883888
1/13/2021 16:00:00,59.5,60.25,56.9,56.95,124070671
1/14/2021 16:00:00,58.45,60.14,57.84,59.25,74680892
1/15/2021 16:00:00,58.85,59.65,57.5,57.58,50265363
1/19/2021 16:00:00,57.94,58.34,57.1,57.99,35647144
1/20/2021 16:00:00,58.24,59.22,58.09,58.67,28701263
1/21/2021 16:00:00,59.04,63.95,58.22,62.46,87156464
1/22/2021 16:00:00,58.85,59.62,56.65,56.66,85729315
1/25/2021 16:00:00,56.38,56.5,54.06,55.44,61968547
1/26/2021 16:00:00,55.28,56.2,54.85,55.21,31485880
1/27/2021 16:00:00,54.61,54.85,53.3,53.59,49722945
1/28/2021 16:00:00,54.79,57.4,54.7,56.07,49202558
1/29/2021 16:00:00,55.98,57.16,55.36,55.51,37256225
02/01/2021 16:00,55.95,57.39,55.71,56.69,26926638
02/02/2021 16:00,57.19,58.28,56.88,58,23580890
02/03/2021 16:00,57.89,58.33,57.38,57.68,21893188
02/04/2021 16:00,57.61,58.88,57.19,58.79,29853778
02/05/2021 16:00,59,59.08,58.12,58.18,23432611
02/08/2021 16:00,58.38,59.22,57.95,59.16,34358295
02/09/2021 16:00,58.77,59.31,57.94,58.78,28754075
02/10/2021 16:00,59.3,59.42,58.12,58.86,16325147
02/11/2021 16:00,59.1,60.99,58.86,60.66,27539121
02/12/2021 16:00,60.6,62.51,60.43,61.81,26214175
2/16/2021 16:00:00,62,62.87,61.7,62.47,26326297
2/17/2021 16:00:00,61.49,62.19,61.21,61.85,21065334
2/18/2021 16:00:00,60.65,61.98,60.64,61.61,17846142
2/19/2021 16:00:00,61.91,63.26,61.85,63.01,28290116
2/22/2021 16:00:00,61.88,62.7,60.66,60.71,32288182
2/23/2021 16:00:00,60.48,61.5,59.17,61.12,27374594
2/24/2021 16:00:00,60.53,63.28,60.38,63.19,24669870
2/25/2021 16:00:00,62.41,63.54,60.13,60.4,36393952
2/26/2021 16:00:00,60.89,61.69,59.68,60.78,38216774
03/01/2021 16:00,61.72,63.08,61.65,62.88,28503500
03/02/2021 16:00,62.8,63.14,61.11,61.24,23320016
03/03/2021 16:00,60.64,61.52,59.7,59.9,28740357
03/04/2021 16:00,59.83,60.24,57.91,58.33,40210352
03/05/2021 16:00,59.26,61.18,58.51,60.74,39511670
03/08/2021 16:00,60.47,61.7,59.72,59.85,33112387
03/09/2021 16:00,61.18,63.17,60.84,62.67,36387479
03/10/2021 16:00,63.22,64.12,62.13,62.25,27160323
03/11/2021 16:00,62.94,64.09,62.39,63.31,30701765
03/12/2021 16:00,62.65,63.3,62.24,62.9,20172961
3/15/2021 16:00:00,63.61,63.88,62.48,63.79,21251484
3/16/2021 16:00:00,64.15,65.73,64.08,64.78,30186635
3/17/2021 16:00:00,64.22,66.29,63.71,65.78,32394652
3/18/2021 16:00:00,65.63,65.7,63.65,63.73,30107865
3/19/2021 16:00:00,63.18,64.99,62.92,63.76,54951650
3/22/2021 16:00:00,64.82,66.38,64.56,65.63,34380148
3/23/2021 16:00:00,66,66.05,63.17,63.48,35159952
3/24/2021 16:00:00,66.58,67.44,61.99,62.04,74584670
3/25/2021 16:00:00,61.66,62.44,60.98,62.02,35401428
3/26/2021 16:00:00,61.8,64.97,61.77,64.87,34705755
3/29/2021 16:00:00,64.01,65.13,63.61,64.5,26161610
3/30/2021 16:00:00,63.77,64,63.15,63.77,20709487
3/31/2021 16:00:00,64.01,64.49,63.58,64,33013231
04/01/2021 16:00,64.72,64.89,63.58,64.55,31416250
04/05/2021 16:00,64.95,66.74,64.7,66.54,27947521
04/06/2021 16:00,66.06,66.58,65.29,65.56,28771404
04/07/2021 16:00,65.67,66.57,65.36,66.25,17793257
04/08/2021 16:00,66.97,67.29,66.36,67.05,22224223
04/09/2021 16:00,66.8,68.4,66.63,68.26,27177096
04/12/2021 16:00,68.2,68.49,64.71,65.41,51266884
4/13/2021 16:00:00,65.61,65.63,64.21,65.22,26821990
4/14/2021 16:00:00,65.31,65.38,63.84,64.19,25768415
4/15/2021 16:00:00,63.97,65.22,63.68,65.02,24927676
4/16/2021 16:00:00,65.33,65.52,64.57,64.75,24625458
4/19/2021 16:00:00,64.7,64.74,63.07,63.63,23997675
4/20/2021 16:00:00,63.64,63.76,62.41,62.7,19872123
4/21/2021 16:00:00,62.79,63.78,62.3,63.7,24364209
4/22/2021 16:00:00,63.35,63.91,62.28,62.57,38257616
4/23/2021 16:00:00,59.16,60,57.9,59.24,77519832
4/26/2021 16:00:00,59.1,59.52,58.46,58.76,39645910
4/27/2021 16:00:00,58.56,58.63,57.77,57.97,38167700
4/28/2021 16:00:00,57.52,58.16,57.15,57.62,30387352
4/29/2021 16:00:00,57.88,58.3,57.47,58.28,23290618
4/30/2021 16:00:00,57.61,58.43,57.07,57.53,30731840
05/03/2021 16:00,57.86,57.88,56.84,57.26,22281701
05/04/2021 16:00,56.88,56.98,55.81,56.9,35323622
05/05/2021 16:00,56.96,57.3,56.46,56.85,21001931
05/06/2021 16:00,56.62,57.25,56.25,57.19,25529252
05/07/2021 16:00,57.7,58.01,57.24,57.67,19959041
05/10/2021 16:00,57.15,57.23,55.88,55.97,35046472
05/11/2021 16:00,55.05,55.63,54.3,55.04,35968053
05/12/2021 16:00,54.39,54.65,53.42,53.62,30232253
5/13/2021 16:00:00,54.04,54.39,53.46,54.01,29192470
5/14/2021 16:00:00,54.6,55.85,54.26,55.35,28158312
5/17/2021 16:00:00,55.29,55.89,54.76,55.33,20010191
5/18/2021 16:00:00,55.95,56.14,54.8,54.84,18703385
5/19/2021 16:00:00,54.07,55.43,53.84,55.36,23769652
5/20/2021 16:00:00,55.57,56.24,55.36,55.95,23145167
5/21/2021 16:00:00,56.42,56.71,55.98,56.08,17723087
5/24/2021 16:00:00,56.65,57.39,56.4,56.96,19164350
5/25/2021 16:00:00,57.56,57.56,56.42,56.87,22309872
5/26/2021 16:00:00,57.05,57.23,56.59,56.92,15173599
5/27/2021 16:00:00,57.11,57.88,57,57.73,32387637
5/28/2021 16:00:00,57.55,57.65,56.94,57.12,20309599
06/01/2021 16:00,57.61,57.82,56.59,56.89,20326366
06/02/2021 16:00,56.91,57.69,56.76,57.48,18483588
06/03/2021 16:00,56.98,57.1,56.09,56.24,21831303
06/04/2021 16:00,56.55,57.75,56.54,57.37,21493760
06/07/2021 16:00,57.41,57.44,56.78,57.09,17364399
06/08/2021 16:00,57.45,57.64,56.6,57,33254482
06/09/2021 16:00,57.36,57.48,56.97,57,13904793
06/10/2021 16:00,57.15,58.03,56.93,57.38,26738082
06/11/2021 16:00,57.47,57.94,56.95,57.85,18119736
6/14/2021 16:00:00,58.02,58.2,57.23,58.19,21784523
6/15/2021 16:00:00,58.21,58.42,57.8,57.99,20806538
6/16/2021 16:00:00,58.15,58.37,56.77,57.22,21879679
6/17/2021 16:00:00,57.05,57.9,56.7,57.18,21498755
6/18/2021 16:00:00,56.68,56.75,55.1,55.67,55118305
6/21/2021 16:00:00,55.75,56.04,55.37,55.87,19254640
6/22/2021 16:00:00,55.94,56.28,55.5,55.87,18682808
6/23/2021 16:00:00,55.87,55.97,55.23,55.26,20287879
6/24/2021 16:00:00,55.49,56.1,55.34,56.07,21209732
6/25/2021 16:00:00,56.02,56.41,55.75,55.91,21101239
6/28/2021 16:00:00,56.36,57.73,56.34,57.48,22480879
6/29/2021 16:00:00,57.55,57.83,55.88,56.75,26359992
6/30/2021 16:00:00,56.34,56.38,55.39,56.14,29891584
07/01/2021 16:00,56.13,56.64,55.87,56.01,24871591
07/02/2021 16:00,56.55,56.99,56.32,56.76,17223577
07/06/2021 16:00,56.92,57.01,55.7,56.09,26186595
07/07/2021 16:00,56.37,56.45,55.71,55.96,14857388
07/08/2021 16:00,55.31,55.72,54.79,55.39,19161963
07/09/2021 16:00,55.51,56.11,55.31,55.99,18708003
07/12/2021 16:00,56.26,56.76,56.11,56.73,15392759
7/13/2021 16:00:00,56.62,57.3,56.34,56.87,15715983
7/14/2021 16:00:00,57.17,57.46,56.33,56.52,16263611
7/15/2021 16:00:00,56.4,56.4,55.57,55.81,18917047
7/16/2021 16:00:00,56.05,56.93,54.9,54.97,25263792
7/19/2021 16:00:00,54.41,54.81,53.97,54.64,27007665
7/20/2021 16:00:00,54.92,55.56,54.27,55.24,19866965
7/21/2021 16:00:00,55.18,56.28,55.01,56.23,18497169
7/22/2021 16:00:00,56.06,56.54,55.68,55.96,36690982
7/23/2021 16:00:00,54.58,54.71,52.32,53,67742254
7/26/2021 16:00:00,52.81,54.54,52.76,54.31,32881174
7/27/2021 16:00:00,53.12,53.2,52.31,53.18,39878025
7/28/2021 16:00:00,53.03,53.92,52.94,53.07,28478845
7/29/2021 16:00:00,53.48,54.1,53.32,53.7,16886626
7/30/2021 16:00:00,53.65,53.9,53.25,53.72,16465689
08/02/2021 16:00,53.99,54.47,53.54,53.68,18098082
08/03/2021 16:00,53.89,54.16,53.26,54.06,16375928
08/04/2021 16:00,54.25,54.44,53.7,53.9,17612708
08/05/2021 16:00,53.99,54.02,53.58,53.89,15310009
08/06/2021 16:00,53.86,54.13,53.73,53.92,19256023
08/09/2021 16:00,54.08,54.41,53.83,54.05,14670135
08/10/2021 16:00,54.24,54.39,53.51,53.94,16215714
08/11/2021 16:00,54.26,54.36,53.84,54.14,18590798
08/12/2021 16:00,54.17,54.18,53.26,53.54,15073693
8/13/2021 16:00:00,53.5,53.56,53.06,53.49,15281066
8/16/2021 16:00:00,53.23,53.49,53,53.47,17692907
8/17/2021 16:00:00,53.17,53.18,52.22,52.69,22014903
8/18/2021 16:00:00,52.6,53.03,52.11,52.19,15061736
8/19/2021 16:00:00,52.05,52.67,51.58,52.44,22999394
8/20/2021 16:00:00,52.16,52.38,51.42,52.01,25728334
8/23/2021 16:00:00,52.59,53.54,52.48,53.23,23976255
8/24/2021 16:00:00,53.56,53.97,53.31,53.81,20348797
8/25/2021 16:00:00,54.08,54.23,53.73,53.81,15048388
8/26/2021 16:00:00,53.75,53.75,52.97,53.13,19569984
8/27/2021 16:00:00,53.36,53.94,52.92,53.89,16524991
8/30/2021 16:00:00,54.26,54.87,53.76,53.94,14581326
8/31/2021 16:00:00,54.44,54.5,53.66,54.06,22350100
09/01/2021 16:00,54.11,54.16,53.53,53.67,18615029
09/02/2021 16:00,53.8,53.89,53.35,53.73,15880063
09/03/2021 16:00,53.44,54.08,53.32,53.51,13472750
09/07/2021 16:00,53.57,53.95,53.44,53.65,13914972
09/08/2021 16:00,53.73,53.92,52.99,53.57,18235078
09/09/2021 16:00,53.66,53.89,53.34,53.4,13495797
09/10/2021 16:00,53.85,54.98,53.81,53.84,20324696
9/13/2021 16:00:00,54.61,55.49,54.41,54.99,22639242
9/14/2021 16:00:00,55.37,55.44,54.27,54.52,22072717
9/15/2021 16:00:00,54.67,55.15,54.42,55.12,18796181
9/16/2021 16:00:00,54.86,54.95,54.24,54.83,19863089
9/17/2021 16:00:00,54.59,54.59,53.67,54.26,35359233
9/20/2021 16:00:00,53.21,53.5,52.32,52.98,35051904
9/21/2021 16:00:00,53.2,53.45,52.83,52.87,17968925
9/22/2021 16:00:00,53.4,53.87,53,53.5,18594117
9/23/2021 16:00:00,53.75,54.3,53.6,54.03,16474334
9/24/2021 16:00:00,53.78,54.42,53.73,54.22,12976200
9/27/2021 16:00:00,53.94,54.87,53.82,54.66,13899911
9/28/2021 16:00:00,54.18,54.59,53.96,54,24691319
9/29/2021 16:00:00,54,54.05,53.18,53.49,20514308
9/30/2021 16:00:00,53.76,53.98,53.26,53.28,20534072
10/01/2021 16:00,53.65,54.11,53.05,53.86,19895101
10/04/2021 16:00,53.93,54.33,53.08,53.47,27353323
10/05/2021 16:00,53.55,54.34,53.48,53.95,18129360
10/06/2021 16:00,53.48,54.07,53.07,53.98,20059578
10/07/2021 16:00,54.32,54.99,54.12,54.18,20704443
10/08/2021 16:00,54.55,54.58,53.7,53.81,16068031
10/11/2021 16:00,53.81,54.41,53.42,53.44,14398758
10/12/2021 16:00,53.57,53.72,52.01,52.17,32784309
10/13/2021 16:00:00,52.38,52.58,51.87,52.26,18533956
10/14/2021 16:00:00,52.9,54,52.73,53.9,26586650
10/15/2021 16:00:00,54.2,54.49,53.81,54.46,25231140
10/18/2021 16:00:00,54.19,54.56,53.72,54.47,22407571
10/19/2021 16:00:00,54.63,55.22,54.37,55.21,18392879
10/20/2021 16:00:00,55.25,55.49,55.08,55.37,16850266
10/21/2021 16:00:00,54.93,56.07,54.83,56,38390855
10/22/2021 16:00:00,50.39,50.55,49.14,49.46,109971887
10/25/2021 16:00:00,49.83,50.07,49.31,49.41,43178773
10/26/2021 16:00:00,49.4,49.44,47.93,48.28,68405390
10/27/2021 16:00:00,48.52,48.82,47.87,47.89,41081464
10/28/2021 16:00:00,48.14,48.36,47.88,48.08,31317178
10/29/2021 16:00:00,48.1,49.28,47.92,49,42300965
11/01/2021 16:00,49.4,49.6,49,49.55,28013741
11/02/2021 16:00,49.61,49.9,49.23,49.86,27193263
11/03/2021 16:00,49.93,50.45,49.71,50.39,23962115
11/04/2021 16:00,50.24,50.35,49.73,50.31,24805961
11/05/2021 16:00,50.55,51.58,50.54,50.92,36816156
11/08/2021 16:00,51.46,51.99,51.06,51.55,31647844
11/09/2021 16:00,51.54,51.77,50.77,51.2,22508422
11/10/2021 16:00,50.98,51.39,50.71,50.76,25040734
11/11/2021 16:00,51.01,51.07,50.41,50.53,25419988
11/12/2021 16:00,50.6,50.9,50.18,50.31,23884837
11/15/2021 16:00:00,50.41,50.63,50.12,50.32,24695780
11/16/2021 16:00:00,50.37,51.15,50.34,50.61,30927765
11/17/2021 16:00:00,50.6,50.94,49.98,50.23,23546918
11/18/2021 16:00:00,50.24,50.24,48.97,49.68,30667661
11/19/2021 16:00:00,49.6,49.73,49.24,49.52,27607603
11/22/2021 16:00:00,49.55,50.85,49.41,49.83,33389634
11/23/2021 16:00:00,50.16,50.45,48.64,49.1,44713339
11/24/2021 16:00:00,48.86,49.78,48.63,49.76,26035780
11/26/2021 13:00:00,48.9,49.18,48.12,48.78,25268977
11/29/2021 16:00:00,49.3,50.13,48.72,50,31478896
11/30/2021 16:00:00,49.5,50.4,48.68,49.2,49460840
12/01/2021 16:00,49.84,50.31,48.52,48.6,35133403
12/02/2021 16:00,48.61,49.79,48.33,49.5,37240777
12/03/2021 16:00,49.68,50.06,48.76,49.25,32224930
12/06/2021 16:00,49.48,51.21,49.18,50.99,40335981
12/07/2021 16:00,54.66,55,52.21,52.57,91731468
12/08/2021 16:00,52.57,52.88,51.38,51.75,37143437
12/09/2021 16:00,51.3,51.59,50.43,50.48,31694241
12/10/2021 16:00,50.84,51.07,50.05,50.59,23783632
12/13/2021 16:00:00,50.85,51.02,49.95,50,35726895
12/14/2021 16:00:00,49.82,50.27,49.32,49.7,34120382
12/15/2021 16:00:00,49.87,50.78,49.33,50.67,32590323
12/16/2021 16:00:00,50.74,51.4,50.58,50.83,33132254
12/17/2021 16:00:00,50.59,51.02,50.01,50.62,50190417
12/20/2021 16:00:00,49.91,50.13,48.96,49.6,30140276
12/21/2021 16:00:00,49.94,50.84,49.94,50.77,31956292
12/22/2021 16:00:00,50.64,51.02,50.21,50.97,23307948
12/23/2021 16:00:00,51.08,51.73,51.05,51.31,25198249
12/27/2021 16:00:00,51.35,52.06,51.3,51.94,20990716
12/28/2021 16:00:00,51.93,52.12,51.63,51.76,19290438
12/29/2021 16:00:00,51.81,52.14,51.66,51.83,14174781
12/30/2021 16:00:00,51.92,52.14,51.65,51.74,18359360
12/31/2021 16:00:00,51.89,52.16,51.46,51.5,16318965
01/03/2022 16:00,51.65,53.23,51.6,53.21,33892932
01/04/2022 16:00,53.57,53.94,52.65,53.14,45681384
01/05/2022 16:00,54.19,56.17,53.83,53.87,59109324
01/06/2022 16:00,54.61,54.67,53.42,54.01,35757881
01/07/2022 16:00,54.19,54.39,53.15,53.44,30717218
01/10/2022 16:00,53.97,55.31,53.31,55.21,49260830
01/11/2022 16:00,55.5,56.08,54.73,55.91,39795188
01/12/2022 16:00,56.14,56.28,54.81,55.74,29136787
1/13/2022 16:00:00,56,56.21,54.77,54.94,29605351
1/14/2022 16:00:00,54.85,55.77,54.53,55.7,30151532
1/18/2022 16:00:00,55.31,55.65,54.68,54.76,35332588
1/19/2022 16:00:00,54.63,54.85,53.56,53.62,30595113
1/20/2022 16:00:00,53.86,54.09,51.94,52.04,28582607
1/21/2022 16:00:00,52.08,53.13,51.95,52.04,46372373
1/24/2022 16:00:00,51.48,52.13,49.88,51.94,64273633
1/25/2022 16:00:00,51.01,51.62,50.25,51,44095360
1/26/2022 16:00:00,51.13,52.72,50.75,51.69,54895393
1/27/2022 16:00:00,49.98,50.06,47.78,48.05,89642770
1/28/2022 16:00:00,47.71,48.2,46.3,47.73,61945408
1/31/2022 16:00:00,47.68,48.87,47.31,48.82,51828446
02/01/2022 16:00,48.78,49.03,48.36,48.95,35386062
02/02/2022 16:00,48.25,49.58,48.09,49.51,37962659
02/03/2022 16:00,49.25,49.69,48.25,48.28,42145836
02/04/2022 16:00,47.86,48.24,47.13,48.01,32431494
02/07/2022 16:00,48.13,48.66,47.96,48.18,27558469
02/08/2022 16:00,47.98,48.94,47.9,48.81,28051185
02/09/2022 16:00,49.33,49.97,48.83,49.91,35217300
02/10/2022 16:00,49.18,49.93,48.76,48.86,32762682
02/11/2022 16:00,48.95,49.11,47.5,47.63,37208227
2/14/2022 16:00:00,47.92,48.18,47.11,47.58,28456926
2/15/2022 16:00:00,47.7,48.46,47.19,48.44,35857524
2/16/2022 16:00:00,48.06,48.49,47.6,48.23,26022941
2/17/2022 16:00:00,47.86,48.26,47.38,47.57,32030624
2/18/2022 16:00:00,46.19,46.21,44.51,45.04,76520104
2/22/2022 16:00:00,44.69,45.41,43.85,44.69,57093316
2/23/2022 16:00:00,45.17,45.71,44.55,44.65,38176736
2/24/2022 16:00:00,43.9,46.79,43.63,46.72,72740052
2/25/2022 16:00:00,46.93,47.79,46.25,47.71,39266331
2/28/2022 16:00:00,47,47.82,46.85,47.7,41946114
03/01/2022 16:00,47.54,47.9,46.22,46.82,53852979
03/02/2022 16:00,47.52,48.99,47.48,48.87,46936509
03/03/2022 16:00,48.18,48.55,47.62,47.93,36389883
03/04/2022 16:00,47.37,48.27,47.37,48.07,38324991
03/07/2022 16:00,48.01,48.54,47.6,47.68,43813747
03/08/2022 16:00,47.69,48.72,46.89,47.5,44813947
03/09/2022 16:00,48.41,48.46,46.89,47.63,36076458
03/10/2022 16:00,47.29,47.31,46.16,46.66,36455953
03/11/2022 16:00,47.15,47.28,45.77,45.83,27082085
3/14/2022 16:00:00,45.9,45.98,44.3,44.4,35993898
3/15/2022 16:00:00,44.5,44.9,44.07,44.81,34448890
3/16/2022 16:00:00,45.3,46.63,45.27,46.63,38885498
3/17/2022 16:00:00,46.32,47.29,45.73,47.14,28554988
3/18/2022 16:00:00,46.82,47.6,46.35,47.45,46237117
3/21/2022 16:00:00,47.46,47.89,47.07,47.39,32910943
3/22/2022 16:00:00,47.5,48.47,47.4,48.39,27923323
3/23/2022 16:00:00,48.46,49.58,48.06,48.27,37126378
3/24/2022 16:00:00,48.66,51.65,48.59,51.62,51677908
3/25/2022 16:00:00,50.69,51.98,50.45,51.83,33249492
3/28/2022 16:00:00,51.36,51.57,50.56,51.51,22932366
3/29/2022 16:00:00,52,52.29,51.28,52.25,27303707
3/30/2022 16:00:00,52.25,52.51,51.22,51.43,24623262
3/31/2022 16:00:00,51.2,51.26,49.51,49.56,43698250
04/01/2022 16:00,49.83,49.9,47.33,48.11,46598563
04/04/2022 16:00,48.17,49.23,47.92,49.2,23811324
04/05/2022 16:00,48.83,48.98,48.02,48.13,25779171
04/06/2022 16:00,47.44,48.17,47.24,47.54,31518748
04/07/2022 16:00,47.43,47.91,46.77,47.56,24116972
04/08/2022 16:00,47.28,47.58,46.85,47.02,22167256
04/11/2022 16:00,46.9,47.3,46.53,46.57,30352478
04/12/2022 16:00,47.32,47.91,46.41,46.5,29861379
4/13/2022 16:00:00,46.75,47.27,46.55,47.01,22171270
4/14/2022 16:00:00,46.75,46.75,45.62,45.67,36181843
4/18/2022 16:00:00,45.53,46.89,45.52,46.64,25593058
4/19/2022 16:00:00,46.6,48,46.34,47.93,31483102
4/20/2022 16:00:00,48.36,48.75,47.98,48.11,22787142
4/21/2022 16:00:00,48.62,48.9,47.4,47.5,27316886
4/22/2022 16:00:00,47.45,47.65,46.5,46.54,28219860
4/25/2022 16:00:00,46.21,47.14,46.18,47.06,35999251
4/26/2022 16:00:00,46.69,46.84,45.51,45.52,35356573
4/27/2022 16:00:00,45.48,46.06,45.01,45.22,28320904
4/28/2022 16:00:00,45.79,47.27,45.54,46.84,41097044
4/29/2022 16:00:00,44.99,45.36,43.5,43.59,70765887
05/02/2022 16:00,43.72,44.99,43.51,44.96,45446472
05/03/2022 16:00,44.79,45.49,44.23,45.06,40158387
05/04/2022 16:00,45.06,46.64,44.41,46.54,44625615
05/05/2022 16:00,45.6,45.91,44.13,44.6,52996677
05/06/2022 16:00,44.49,45.15,43.84,44.3,40916578
05/09/2022 16:00,43.81,44.2,42.87,43.07,44925770
05/10/2022 16:00,44.35,44.74,43.5,44.01,42770024
05/11/2022 16:00,44.02,44.29,42.78,42.83,40351666
05/12/2022 16:00,42.73,42.91,42.01,42.84,42329642
5/13/2022 16:00:00,43.42,43.84,42.97,43.6,32034142
5/16/2022 16:00:00,43.42,43.61,42.79,43.08,25071905
5/17/2022 16:00:00,43.82,44.42,43.65,44.4,28596629
5/18/2022 16:00:00,43.98,43.98,42.22,42.35,35218393
5/19/2022 16:00:00,42.32,42.7,41.72,42.01,29181007
5/20/2022 16:00:00,42.25,42.29,40.31,41.65,44802286
5/23/2022 16:00:00,41.69,42.25,41.33,42,27199487
5/24/2022 16:00:00,41.7,41.89,41.1,41.67,29837489
5/25/2022 16:00:00,41.44,42.52,41.39,42.2,26283081
5/26/2022 16:00:00,42.17,43.68,42.08,43.48,28826682
5/27/2022 16:00:00,43.59,44.55,43.55,44.55,30553321
5/31/2022 16:00:00,44.25,44.75,43.65,44.42,41111478
06/01/2022 16:00,44.77,44.93,43.53,44.11,29885543
06/02/2022 16:00,44.19,44.88,43.94,44.84,28727637
06/03/2022 16:00,44.11,44.25,43.34,43.39,33174656
06/06/2022 16:00,43.81,44.04,43.08,43.34,25437061
06/07/2022 16:00,43.06,43.59,42.66,43.53,25168689
06/08/2022 16:00,42.25,42.26,41.03,41.23,59649874
06/09/2022 16:00,41.01,41.35,40.01,40.01,39047182
06/10/2022 16:00,39.85,40.08,39.18,39.18,43084434
6/13/2022 16:00:00,38.55,38.81,37.67,37.77,50335922
6/14/2022 16:00:00,38.01,38.2,37.54,37.93,31351683
6/15/2022 16:00:00,38.56,39.17,37.92,38.65,37652256
6/16/2022 16:00:00,37.7,37.79,36.93,37.34,45576545
6/17/2022 16:00:00,37.48,38.12,36.6,36.97,71393194
6/21/2022 16:00:00,37.36,38.03,37.33,37.73,34004880
6/22/2022 16:00:00,37.33,37.77,37.22,37.38,32591524
6/23/2022 16:00:00,37.61,37.62,36.91,37.41,30162971
6/24/2022 16:00:00,37.85,38.64,37.74,38.61,38159913
6/27/2022 16:00:00,38.87,39.06,38.47,38.63,29585325
6/28/2022 16:00:00,38.58,39.02,37.74,37.78,37842731
6/29/2022 16:00:00,37.54,37.6,37.02,37.29,25437197
6/30/2022 16:00:00,37.21,38,36.73,37.41,35141045
07/01/2022 16:00,37.09,37.2,35.88,36.34,40596289
07/05/2022 16:00,35.93,36.74,35.54,36.69,33225868
07/06/2022 16:00,36.82,37.42,36.46,36.99,26258324
07/07/2022 16:00,37.89,38.33,37.73,38.14,33165410
07/08/2022 16:00,37.66,38.14,37.39,37.99,22566348
07/11/2022 16:00,37.66,37.67,37.03,37.2,25946879
07/12/2022 16:00,37.65,37.7,36.99,37.21,30546281
7/13/2022 16:00:00,36.68,37.43,36.62,37.21,27059156
7/14/2022 16:00:00,36.99,38.16,36.29,37.71,36690674
7/15/2022 16:00:00,38.27,38.67,37.73,38.62,32892293
7/18/2022 16:00:00,39.1,39.34,38.53,38.71,30814369
7/19/2022 16:00:00,39.32,40.73,39.24,40.22,53095319
7/20/2022 16:00:00,40.21,40.67,39.56,40.56,36387873
7/21/2022 16:00:00,40.51,40.65,39.82,40.61,29661198
7/22/2022 16:00:00,40.37,40.51,38.94,39.2,41349965
7/25/2022 16:00:00,39.28,39.41,38.55,39.16,32263404
7/26/2022 16:00:00,39.1,39.57,38.88,38.96,35925485
7/27/2022 16:00:00,39.27,40.42,39.23,40.18,42571580
7/28/2022 16:00:00,40.09,40.12,39.04,39.71,56662303
7/29/2022 16:00:00,35.6,36.62,35.24,36.31,125292383
08/01/2022 16:00,36.05,37.69,36.05,36.96,52513446
08/02/2022 16:00,36.59,36.66,36,36.01,53929371
08/03/2022 16:00,36.09,36.59,35.26,36.52,59513858
08/04/2022 16:00,36.01,36.1,35.36,35.66,54046258
08/05/2022 16:00,35.35,35.69,35.18,35.39,40205089
08/08/2022 16:00,35.36,35.96,35.2,35.38,41601566
08/09/2022 16:00,35.22,35.3,34.4,34.52,48202280
08/10/2022 16:00,34.99,35.4,34.59,35.37,42243304
08/11/2022 16:00,35.64,36.29,35.49,35.59,35569724
08/12/2022 16:00,35.8,36.14,35.67,36.11,37675228
8/15/2022 16:00:00,36.1,36.43,35.71,36.34,25400551
8/16/2022 16:00:00,36.16,36.58,35.7,36.19,25000240
8/17/2022 16:00:00,35.81,36.08,35.27,35.78,29176062
8/18/2022 16:00:00,35.68,36.33,35.57,36.2,24598225
8/19/2022 16:00:00,35.8,36.03,35.19,35.38,31425530
8/22/2022 16:00:00,35,35.06,33.73,33.84,51006127
8/23/2022 16:00:00,33.98,34.39,33.91,33.95,30687098
8/24/2022 16:00:00,33.97,33.99,33.6,33.86,25105652
8/25/2022 16:00:00,33.87,34.93,33.82,34.89,29799148
8/26/2022 16:00:00,34.95,35.03,33.35,33.36,44851477
8/29/2022 16:00:00,33.23,33.41,32.81,32.94,32976762
8/30/2022 16:00:00,33.04,33.07,32.15,32.26,40182452
8/31/2022 16:00:00,32.39,32.39,31.77,31.92,44074488
09/01/2022 16:00,31.57,31.83,31.13,31.76,36440681
09/02/2022 16:00,32.21,32.38,31.06,31.22,34893283
09/06/2022 16:00,31.39,31.39,30.33,30.36,46989603
09/07/2022 16:00,30.42,30.79,30.05,30.65,37329544
09/08/2022 16:00,30.37,30.85,29.91,30.75,37359472
09/09/2022 16:00,31.19,31.5,31.08,31.46,34081212
09/12/2022 16:00,31.74,31.86,31.1,31.56,38305494
9/13/2022 16:00:00,30.83,30.93,29.25,29.29,71417851
9/14/2022 16:00:00,29.55,29.77,29.01,29.18,40767169
9/15/2022 16:00:00,29.15,29.41,28.71,28.84,39919105
9/16/2022 16:00:00,28.7,29.32,28.42,29.24,72747992
9/19/2022 16:00:00,29.02,29.5,28.9,29.44,33151882
9/20/2022 16:00:00,29.07,29.17,28.71,28.96,31129028
9/21/2022 16:00:00,29.15,29.59,28.46,28.47,39977313
9/22/2022 16:00:00,28.4,28.5,28.04,28.07,36092669
9/23/2022 16:00:00,27.9,27.9,27.19,27.52,43491060
9/26/2022 16:00:00,27.56,27.7,26.86,26.97,44786413
9/27/2022 16:00:00,27.4,27.6,26.62,26.89,44121431
9/28/2022 16:00:00,26.86,27.28,26.6,27.13,40433354
9/29/2022 16:00:00,26.78,26.78,26.19,26.38,41831294
9/30/2022 16:00:00,26.3,26.57,25.74,25.77,43820964
10/03/2022 16:00,26.33,27.25,26.07,26.97,44096180
10/04/2022 16:00,27.43,27.8,27.09,27.7,42427480
10/05/2022 16:00,27.37,27.84,26.89,27.64,30119962
10/06/2022 16:00,27.44,27.76,27,27.18,33985131
10/07/2022 16:00,26.17,26.28,25.65,25.72,57215513
10/10/2022 16:00,25.94,25.99,25.09,25.2,43409338
10/11/2022 16:00,25.01,25.48,24.69,25.04,48134930
10/12/2022 16:00,25.05,25.52,24.66,25.33,39634056
10/13/2022 16:00:00,24.73,26.84,24.59,26.42,62447044
10/14/2022 16:00:00,26.46,26.63,25.76,25.91,48185367
10/17/2022 16:00:00,26.31,26.75,26.17,26.42,39416474
10/18/2022 16:00:00,26.74,26.96,25.54,25.87,51126851
10/19/2022 16:00:00,25.74,26.25,25.69,26,33882274
10/20/2022 16:00:00,26.15,26.95,25.95,26.08,33247689
10/21/2022 16:00:00,25.85,27.05,25.79,26.97,53058711
10/24/2022 16:00:00,26.75,27.48,26.52,27.18,43831588
10/25/2022 16:00:00,27.18,27.56,27,27.41,32205300
10/26/2022 16:00:00,27.19,27.8,26.99,27.21,37153931
10/27/2022 16:00:00,27.45,27.59,26.13,26.27,56305125
10/28/2022 16:00:00,28.18,29.22,27.86,29.07,91695696
10/31/2022 16:00:00,29.08,29.18,28.05,28.43,59507744
11/01/2022 16:00,28.8,28.85,27.89,28.3,44418730
11/02/2022 16:00,28.27,28.85,27.41,27.42,51956099
11/03/2022 16:00,27.45,27.88,27.17,27.39,39678189
11/04/2022 16:00,27.57,28.24,27.41,28.2,43051927
11/07/2022 16:00,28.36,28.47,27.89,28.41,34389783
11/08/2022 16:00,28.76,28.95,27.93,28.48,36257963
11/09/2022 16:00,28.22,28.3,27.52,27.52,30544782
11/10/2022 16:00,28.88,29.83,28.65,29.76,62943924
11/11/2022 16:00,28.93,30.63,28.87,30.43,49826517
11/14/2022 16:00:00,30.34,30.99,30.18,30.35,39395339
11/15/2022 16:00:00,31.1,31.34,30.17,30.71,40933223
11/16/2022 16:00:00,30.11,30.23,29.44,29.53,35582751
11/17/2022 16:00:00,29.07,29.95,29,29.89,31992738
11/18/2022 16:00:00,30.26,30.26,29.61,29.87,27122210
11/21/2022 16:00:00,29.66,29.72,28.91,28.94,36086768
11/22/2022 16:00:00,29.14,29.86,29.06,29.82,25584062
11/23/2022 16:00:00,29.73,30.08,29.49,29.67,23143868
11/25/2022 13:05:00,29.68,29.68,29.34,29.34,11314878
11/28/2022 16:00:00,29.1,29.19,28.54,28.73,28282116
11/29/2022 16:00:00,28.85,29.18,28.74,28.9,24361493
11/30/2022 16:00:00,28.77,30.08,28.22,30.07,72072532
12/01/2022 16:00,30.24,30.48,29.52,29.83,38896309
12/02/2022 16:00,29.17,29.43,28.71,29.41,31545955
12/05/2022 16:00,29.42,29.75,28.89,29.17,34040384
12/06/2022 16:00,29.19,29.31,28.34,28.6,27701186
12/07/2022 16:00,28.28,28.55,28.15,28.33,28239933
12/08/2022 16:00,28.32,28.6,28.07,28.44,28486091
12/09/2022 16:00,28.39,28.78,28.19,28.24,25641349
12/12/2022 16:00,28.13,28.71,27.86,28.69,35117866
12/13/2022 16:00:00,29.79,30.09,28.37,28.73,58546839
12/14/2022 16:00:00,28.51,29.12,28.01,28.26,37141077
12/15/2022 16:00:00,27.94,28,27.12,27.15,45682654
12/16/2022 16:00:00,27,27.14,26.45,26.92,81104229
12/19/2022 16:00:00,26.9,26.97,26.5,26.79,37662461
12/20/2022 16:00:00,26.54,26.87,26.42,26.44,31863274
12/21/2022 16:00:00,26.59,26.97,26.58,26.83,28100906
12/22/2022 16:00:00,26.45,26.45,25.35,25.97,47478307
12/23/2022 16:00:00,25.92,26.19,25.68,26.09,23600916
12/27/2022 16:00:00,25.85,26.1,25.65,25.94,29548058
12/28/2022 16:00:00,25.84,26.12,25.5,25.54,26176917
12/29/2022 16:00:00,25.77,26.29,25.75,26.21,30944829
12/30/2022 16:00:00,25.9,26.46,25.8,26.43,31030094
01/03/2023 16:00,27.05,27.07,26.37,26.73,31307955
01/04/2023 16:00,27.41,27.92,27.16,27.68,37665199
01/05/2023 16:00,27.44,27.78,27.38,27.56,33552552
01/06/2023 16:00,27.93,28.83,27.38,28.73,31788634
01/09/2023 16:00,28.84,29.87,28.84,29.31,37493157
01/10/2023 16:00,29.24,29.51,28.92,29.44,23008080
01/11/2023 16:00,29.68,29.88,29,29.85,30375377
01/12/2023 16:00,29.98,30.38,29.47,30.29,28963879
1/13/2023 16:00:00,29.97,30.17,29.81,30.11,31361937
1/17/2023 16:00:00,30.18,30.26,29.52,29.6,34759080
1/18/2023 16:00:00,29.8,29.82,28.63,28.81,44199580
1/19/2023 16:00:00,28.61,28.76,28.24,28.42,36886615
1/20/2023 16:00:00,28.42,29.23,28.25,29.22,35158497
1/23/2023 16:00:00,29.33,30.49,29.18,30.27,38795838
1/24/2023 16:00:00,29.94,30.19,29.73,29.92,24855130
1/25/2023 16:00:00,29.52,29.89,29.17,29.7,28268023
1/26/2023 16:00:00,30.06,30.11,29.33,30.09,56088080
1/27/2023 16:00:00,27.07,28.24,26.78,28.16,148548189
1/30/2023 16:00:00,27.72,28.51,27.67,27.95,55145771
1/31/2023 16:00:00,27.78,28.29,27.53,28.26,52621578
02/01/2023 16:00,27.89,29.43,27.68,29.07,63330567
02/02/2023 16:00,29.25,30.3,28.8,30.19,62230659
02/03/2023 16:00,29.62,31.17,29.53,30.32,57603100
02/06/2023 16:00,29.55,29.65,28.61,28.69,48726359
02/07/2023 16:00,28.65,29.27,28.43,29.05,50780776
02/08/2023 16:00,28.95,29.12,28.21,28.24,36479123
02/09/2023 16:00,28.68,28.82,27.57,27.73,43906378
02/10/2023 16:00,27.63,27.99,27.34,27.8,31232544
2/13/2023 16:00:00,27.87,28.55,27.72,28.55,32347470
2/14/2023 16:00:00,28.38,28.72,27.99,28.64,27928929
2/15/2023 16:00:00,28.36,28.88,28.16,28.85,23387676
2/16/2023 16:00:00,28.5,28.83,28.13,28.2,28972476
2/17/2023 16:00:00,28,28.07,27.38,27.61,32086218
2/21/2023 16:00:00,27.11,27.27,26.04,26.06,63668362
2/22/2023 16:00:00,25.91,26.9,25.3,25.47,89195317
2/23/2023 16:00:00,25.78,26.08,25.32,25.61,56473237
2/24/2023 16:00:00,25.22,25.35,24.92,25.14,44089879
2/27/2023 16:00:00,25.55,25.58,24.88,24.9,37656956
2/28/2023 16:00:00,24.94,25.12,24.73,24.93,50255301
03/01/2023 16:00,25.03,25.92,24.97,25.33,47823397
03/02/2023 16:00,25.21,26.3,25.12,26.2,48381068
03/03/2023 16:00,26.2,26.48,26.01,26.4,36744858
03/06/2023 16:00,26.47,26.54,25.93,25.99,37879835
03/07/2023 16:00,25.84,25.99,25.5,25.53,43164607
03/08/2023 16:00,25.56,26.01,25.45,25.98,36071934
03/09/2023 16:00,25.98,26.98,25.97,26.44,54886084
03/10/2023 16:00,26.55,27.52,26.32,27.22,65187031
3/13/2023 16:00:00,26.74,27.31,26.61,26.95,50976996
3/14/2023 16:00:00,27.35,28.1,27.25,28.01,47689837
3/15/2023 16:00:00,27.73,28.5,27.66,28.41,49322838
3/16/2023 16:00:00,28.39,30.27,28.39,30.18,75804234
3/17/2023 16:00:00,29.92,31,29.44,29.81,80628498
3/20/2023 16:00:00,29.8,29.9,28.63,29.16,38780054
3/21/2023 16:00:00,29,29.17,27.98,28.46,55650832
3/22/2023 16:00:00,28.48,29.12,28.1,28.13,37415539
3/23/2023 16:00:00,28.38,29.16,28.22,29.03,43785479
3/24/2023 16:00:00,29.04,29.81,28.93,29.36,55931606
3/27/2023 16:00:00,29.37,29.73,29.08,29.18,34758156
3/28/2023 16:00:00,29.08,29.33,28.63,29.29,37407874
3/29/2023 16:00:00,29.77,31.89,29.76,31.52,85556189
3/30/2023 16:00:00,31.85,32.58,31.81,32.09,70077598
3/31/2023 16:00:00,31.8,32.9,31.73,32.67,59764991
04/03/2023 16:00,32.94,33.56,32.54,32.89,57038344
04/04/2023 16:00,32.85,33.84,32.84,33.1,55714058
04/05/2023 16:00,32.8,32.99,32.34,32.83,39615735
04/06/2023 16:00,32.6,33,32.46,32.81,28551916
04/10/2023 16:00,32.6,32.76,32.2,32.52,30534439
04/11/2023 16:00,32.66,33.11,32.32,32.35,27059106
04/12/2023 16:00,32.77,32.89,31.96,32.02,37070786
4/13/2023 16:00:00,31.82,32.43,31.65,32.13,29722344
4/14/2023 16:00:00,32,32.24,31.69,31.89,24623633
4/17/2023 16:00:00,31.95,32.64,31.77,32.14,29601148
4/18/2023 16:00:00,32.43,32.46,31.78,31.83,26041380
4/19/2023 16:00:00,31.1,31.52,31.08,31.15,25746574
4/20/2023 16:00:00,30.76,31.25,30.71,30.86,30255069
4/21/2023 16:00:00,30.84,30.84,30.23,30.3,28655762
4/24/2023 16:00:00,30.13,30.37,29.61,29.66,38732452
4/25/2023 16:00:00,29.44,29.57,28.87,28.88,38289873
4/26/2023 16:00:00,29.2,29.81,28.84,29.05,41218805
4/27/2023 16:00:00,28.75,29.95,28.51,29.86,60186244
4/28/2023 16:00:00,31.98,32.57,30.81,31.06,80252444
05/01/2023 16:00,31.11,31.24,30.28,30.3,36918529
05/02/2023 16:00,30.3,30.58,29.75,29.77,33463356
05/03/2023 16:00,30.64,31.11,30.25,30.65,45554489
05/04/2023 16:00,30.44,31.72,30.38,31.24,46104019
05/05/2023 16:00,31.38,31.41,30.73,30.99,35024562
05/08/2023 16:00,30.7,30.84,30.39,30.77,30882801
05/09/2023 16:00,30.38,30.58,29.91,30.1,30706515
05/10/2023 16:00,30.29,30.4,29.49,29.97,40526521
05/11/2023 16:00,29.6,29.68,28.82,28.86,47144359
05/12/2023 16:00,29.03,29.1,28.72,28.95,24153820
5/15/2023 16:00:00,28.9,29.83,28.88,29.8,28717475
5/16/2023 16:00:00,29.62,29.9,29.21,29.22,22812040
5/17/2023 16:00:00,29.52,29.56,28.68,28.87,41667261
5/18/2023 16:00:00,29,29.76,28.87,29.68,36529193
5/19/2023 16:00:00,29.6,30.24,29.5,29.93,40682998
5/22/2023 16:00:00,29.85,30.45,29.82,30.28,28693438
5/23/2023 16:00:00,30.05,30.2,29.49,29.51,29400851
5/24/2023 16:00:00,29.31,29.49,28.82,29,28045840
5/25/2023 16:00:00,28.29,28.29,26.86,27.4,78009435
5/26/2023 16:00:00,27.44,29.09,27.1,29,71910621
5/30/2023 16:00:00,29.7,30.04,29,29.99,54874794
5/31/2023 16:00:00,29.7,32.29,29.67,31.44,136243756
06/01/2023 16:00,31.8,31.94,31.02,31.13,52667368
06/02/2023 16:00,31.4,31.59,30.83,31.31,36520957
06/05/2023 16:00,31.31,31.4,29.83,29.86,48244128
06/06/2023 16:00,29.77,31.45,29.7,30.96,42295293
06/07/2023 16:00,31.03,31.37,30.93,31.28,39097992
06/08/2023 16:00,31.43,31.85,31.06,31.82,35198952
06/09/2023 16:00,31.93,31.99,30.68,31.34,40227073
06/12/2023 16:00,31.4,33.3,31.36,33.07,59926114
6/13/2023 16:00:00,33.77,33.95,33.07,33.91,51990041
6/14/2023 16:00:00,33.87,35.6,33.8,35.58,74404291
6/15/2023 16:00:00,35.28,36.42,35.22,35.82,67676296
6/16/2023 16:00:00,36.36,36.8,35.6,36.37,110240279
6/20/2023 16:00:00,36.77,37.11,34.72,35,65970238
6/21/2023 16:00:00,34.92,35.05,32.83,32.9,70973521
6/22/2023 16:00:00,32.69,33.24,32.13,32.71,45740308
6/23/2023 16:00:00,32.21,33.45,32.03,33,46327140
6/26/2023 16:00:00,33.19,33.99,33.1,33.34,38952369
6/27/2023 16:00:00,33.22,34.23,33.01,34.1,33038923
6/28/2023 16:00:00,33.61,33.81,33.03,33.57,33906877
6/29/2023 16:00:00,33.34,33.34,32.49,32.91,38312970
6/30/2023 16:00:00,33.36,33.56,33.16,33.44,33811252
07/03/2023 13:05,33.54,33.89,33.14,33.62,15752979
07/05/2023 16:00,33.31,33.33,32.5,32.51,37664722
07/06/2023 16:00,31.9,32.04,31.38,31.97,41711442
07/07/2023 16:00,32,32.41,31.82,31.85,28356250
07/10/2023 16:00,31.87,32.83,31.77,32.74,36305658
07/11/2023 16:00,32.82,33.36,32.5,33.3,28148832
07/12/2023 16:00,33.69,34.08,33.06,33.98,37762215
7/13/2023 16:00:00,34.15,34.3,33.62,33.87,32745752
7/14/2023 16:00:00,33.78,33.87,33,33.15,30438659
7/17/2023 16:00:00,33.16,34.6,33.07,34.37,34111173
7/18/2023 16:00:00,34.28,34.7,33.83,34.5,29679514
7/19/2023 16:00:00,34.4,34.84,34.33,34.46,26486676
7/20/2023 16:00:00,33.7,34.21,33.23,33.37,37877996
7/21/2023 16:00:00,33.73,34.25,33.42,34.02,79736956
7/24/2023 16:00:00,33.84,34.46,33.56,33.63,25283783
7/25/2023 16:00:00,33.7,34.34,33.4,34.1,31771091
7/26/2023 16:00:00,33.72,34.53,33.7,34.36,32643239
7/27/2023 16:00:00,34.82,35.03,34.11,34.55,58890821
7/28/2023 16:00:00,36.75,36.99,35.51,36.83,90863013
7/31/2023 16:00:00,36.87,37.19,35.67,35.77,55630700
08/01/2023 16:00,35.82,36.02,35.28,35.8,24743393
08/02/2023 16:00,35.15,35.18,34.28,34.39,39051971
08/03/2023 16:00,34.29,35.03,34.13,34.87,24864381
08/04/2023 16:00,34.48,35.56,34.48,35.14,26674897
08/07/2023 16:00,35.41,35.55,34.75,35.23,22486870
08/08/2023 16:00,34.67,35.1,33.86,35.02,34753598
08/09/2023 16:00,35,35.1,34.23,34.28,28720157
08/10/2023 16:00,34.7,35.09,34.48,34.68,30957295
08/11/2023 16:00,34.46,34.95,34.36,34.89,28783730
8/14/2023 16:00:00,34.67,35.71,34.47,35.68,36896056
8/15/2023 16:00:00,35.41,35.63,34.75,34.77,27420309
8/16/2023 16:00:00,34.52,34.63,33.46,33.53,35757254
8/17/2023 16:00:00,33.56,33.59,32.35,32.58,39906739
8/18/2023 16:00:00,32.23,32.91,32.18,32.75,23701056
8/21/2023 16:00:00,32.6,33.17,32.02,33.14,43718249
8/22/2023 16:00:00,33.22,33.8,32.83,32.89,23434190
8/23/2023 16:00:00,32.88,34.15,32.8,33.98,32324309
8/24/2023 16:00:00,33.72,34.09,32.49,32.59,37930960
8/25/2023 16:00:00,32.53,33.4,32.35,33.25,27324810
8/28/2023 16:00:00,33.5,33.78,33.21,33.62,22341778
8/29/2023 16:00:00,33.49,34.48,33.47,34.31,29943629
8/30/2023 16:00:00,34.06,34.66,33.78,34.53,26279156
8/31/2023 16:00:00,34.32,35.56,34.3,35.14,48157583
09/01/2023 16:00,35.79,36.75,35.73,36.61,43808478
09/05/2023 16:00,36.58,37.41,36.46,36.71,43379356
09/06/2023 16:00,36.56,37.04,36.03,36.98,39643390
09/07/2023 16:00,36.83,38.34,36.75,38.18,67659683
09/08/2023 16:00,38.12,38.83,37.71,38.01,44265054
09/11/2023 16:00,38.24,38.74,37.84,38.59,36349291
09/12/2023 16:00,38.65,40.07,38.65,38.86,55326564
9/13/2023 16:00:00,38.8,39.15,38.25,38.71,35407780
9/14/2023 16:00:00,38.81,38.9,38.3,38.67,30616490
9/15/2023 16:00:00,38.42,38.52,37.62,37.88,68881240
9/18/2023 16:00:00,37.62,38.39,37.51,37.99,29322150
9/19/2023 16:00:00,38.04,38.1,36.02,36.34,53288070
9/20/2023 16:00:00,36.22,36.25,34.63,34.69,57660829
9/21/2023 16:00:00,34.57,35.25,34.46,34.65,45240625
9/22/2023 16:00:00,34.81,34.89,34.14,34.18,29241605
9/25/2023 16:00:00,34,34.37,33.77,34.29,21729418
9/26/2023 16:00:00,34.14,34.78,33.64,33.83,34198291
9/27/2023 16:00:00,33.92,34.83,33.88,34.61,44369070
9/28/2023 16:00:00,34.65,35.66,34.38,35.18,32265276
9/29/2023 16:00:00,35.65,35.91,35.16,35.55,28763712
10/02/2023 16:00,35.61,35.98,34.98,35.46,26086163
10/03/2023 16:00,35.27,36.54,35.27,35.69,45292632
10/04/2023 16:00,36.52,36.52,35.33,35.93,39842200
10/05/2023 16:00,35.97,36.1,35.6,35.89,25771233
10/06/2023 16:00,35.87,36.46,35.18,36.19,33262158
10/09/2023 16:00,35.7,36.17,35.5,36.06,19376144
10/10/2023 16:00,36.14,36.74,35.81,36.43,24044104
10/11/2023 16:00,36.62,37.03,36.38,36.88,19262602
10/12/2023 16:00,36.8,37.22,36.39,36.84,23639229
10/13/2023 16:00:00,36.74,36.79,35.86,35.97,28408435
10/16/2023 16:00:00,36.14,36.94,36.08,36.56,29555783
10/17/2023 16:00:00,35.92,36.35,35.07,36.06,24993561
10/18/2023 16:00:00,35.52,36.02,35.45,35.64,22085950
10/19/2023 16:00:00,35.96,36.36,35.52,35.67,29201848
10/20/2023 16:00:00,35.65,36.28,34.87,34.92,32303325
10/23/2023 16:00:00,34.6,35.19,33.39,33.85,53924661
10/24/2023 16:00:00,33.64,34.71,33.64,34.59,52673857
10/25/2023 16:00:00,34.18,34.45,32.55,32.83,44658462
10/26/2023 16:00:00,32.89,33.22,32.15,32.52,59142509
10/27/2023 16:00:00,34.66,36.38,34.6,35.54,84128212
10/30/2023 16:00:00,35.47,35.96,34.92,35.69,36656267
10/31/2023 16:00:00,35.66,36.57,35.62,36.5,41185207
11/01/2023 16:00,36.5,37.32,36.28,37.29,41710705
11/02/2023 16:00,37.58,37.82,36.91,37.7,35439964
11/03/2023 16:00,38,38.32,37.67,38.14,30502744
11/06/2023 16:00,38.02,38.2,37.85,37.95,23877203
11/07/2023 16:00,38.24,38.9,37.98,38.77,32052041
11/08/2023 16:00,38.85,38.89,37.75,37.92,33483360
11/09/2023 16:00,38.05,38.52,37.77,37.8,48955771
11/10/2023 16:00,38.24,38.99,38.24,38.86,38871279
11/13/2023 16:00:00,38.35,38.57,38.14,38.23,24558261
11/14/2023 16:00:00,38.8,39.49,38.07,39.41,45457362
11/15/2023 16:00:00,39.59,40.84,39.58,40.61,47392143
11/16/2023 16:00:00,41,43.4,40.82,43.35,86405694
11/17/2023 16:00:00,42.91,43.81,42.56,43.81,49749721
11/20/2023 16:00:00,43.78,44.93,43.78,44.74,44596396
11/21/2023 16:00:00,44.5,44.66,43.3,43.64,37252056
11/22/2023 16:00:00,44.03,44.63,43.54,43.67,31490545
11/24/2023 13:05:00,43.68,44,43.61,43.96,13037105
11/27/2023 16:00:00,43.65,44.55,43.65,44.08,33339937
11/28/2023 16:00:00,43.69,44.38,43.66,44.23,24548874
11/29/2023 16:00:00,44.6,45.34,44.6,44.94,38982026
11/30/2023 16:00:00,44.65,45.09,44.41,44.7,46262971
12/01/2023 16:00,44.36,44.36,42.86,43.74,43928371
12/04/2023 16:00,43.3,43.31,41.69,42.35,50417587
12/05/2023 16:00,41.91,42.29,41.61,41.92,31859318
12/06/2023 16:00,42.48,42.59,41.17,41.27,31992262
12/07/2023 16:00,41.75,42.44,41.18,42.15,29118697
12/08/2023 16:00,41.84,42.96,41.81,42.7,42814959
12/11/2023 16:00,43.16,44.73,43.08,44.54,48288156
12/12/2023 16:00,44.36,44.44,43.63,44.04,31452163
12/13/2023 16:00:00,44.08,44.72,43.33,44.57,35216050
12/14/2023 16:00:00,45.01,47.07,44.65,45.18,70620765
12/15/2023 16:00:00,45.94,47.27,45.67,46.16,84583405
12/18/2023 16:00:00,46.15,46.23,45.4,45.69,27895652
12/19/2023 16:00:00,45.6,46.68,45.51,46.66,35358771
12/20/2023 16:00:00,46.64,46.95,45.7,45.76,38159137
12/21/2023 16:00:00,46.48,47.12,46.02,47.08,28320463
12/22/2023 16:00:00,47.25,48.16,47.2,48,30095727
12/26/2023 16:00:00,48.92,50.52,48.71,50.5,60287408
12/27/2023 16:00:00,50.63,51.28,50.19,50.76,52148041
12/28/2023 16:00:00,50.81,50.87,50.16,50.39,27705233
12/29/2023 16:00:00,50.3,50.57,49.77,50.25,29288707
01/02/2024 16:00,49.2,49.38,47.45,47.8,45905728
01/03/2024 16:00,47.1,47.81,46.8,47.05,35858434
01/04/2024 16:00,45.72,47.16,45.24,46.87,47797812
01/05/2024 16:00,47.03,47.83,46.64,46.89,34344031
01/08/2024 16:00,47.07,48.76,46.97,48.45,42135127
01/09/2024 16:00,48.01,48.56,47.8,48.05,30097005
01/10/2024 16:00,48.24,48.3,46.94,47.47,31480186
01/11/2024 16:00,47.44,47.84,46.73,47.64,31707881
01/12/2024 16:00,47.6,47.67,46.61,47.12,27587902
1/16/2024 16:00:00,46.98,47.22,46.38,47.06,43720666
1/17/2024 16:00:00,46.42,46.42,45.65,46.06,33488015
1/18/2024 16:00:00,47.03,47.57,46.17,46.74,46681348
1/19/2024 16:00:00,47,48.76,46.44,48.15,55979796
1/22/2024 16:00:00,48.85,49.17,47.64,48.22,45639521
1/23/2024 16:00:00,48.12,48.94,47.32,48.89,37224140
1/24/2024 16:00:00,49.17,49.77,48.27,49.09,49375834
1/25/2024 16:00:00,50,50.3,48.97,49.55,84845086
1/26/2024 16:00:00,44.18,45.41,43.35,43.65,127665287
1/29/2024 16:00:00,43.71,43.99,42.81,43.84,51790863
1/30/2024 16:00:00,43.67,43.82,42.89,42.92,47958762
1/31/2024 16:00:00,42.57,43.79,42.36,43.08,51584247
02/01/2024 16:00,43.15,43.57,42.49,43.36,38819855
02/02/2024 16:00,43,43.14,41.6,42.6,53683500
02/05/2024 16:00,42.62,43.15,42.43,42.77,28890264
02/06/2024 16:00,42.7,42.78,42.14,42.74,34068216
02/07/2024 16:00,42.89,43.1,42.55,42.78,34269246
02/08/2024 16:00,42.72,42.97,42.33,42.5,33206470
02/09/2024 16:00,42.55,43.52,42.4,43.31,51192958
02/12/2024 16:00,43.39,45.04,43.32,44.03,51107349
2/13/2024 16:00:00,43,43.63,42.76,43.16,36622233
2/14/2024 16:00:00,43.82,44.29,43.39,44.19,36186233
2/15/2024 16:00:00,44.76,45.27,44.02,44.05,44024507
2/16/2024 16:00:00,44.03,44.22,43.12,43.51,29975301
2/20/2024 16:00:00,44.26,45.17,43.42,44.52,61514136
2/21/2024 16:00:00,44.48,44.69,43.08,43.47,57714970
2/22/2024 16:00:00,44.68,44.68,42.53,42.98,62809318
2/23/2024 16:00:00,43.13,43.51,42.66,42.99,33810714
2/26/2024 16:00:00,43.5,43.68,42.82,42.99,27035379
2/27/2024 16:00:00,43.25,43.27,42.51,42.73,25126372
2/28/2024 16:00:00,42.44,42.45,41.91,41.99,26928470
2/29/2024 16:00:00,42.37,43.15,42.36,43.05,48875120
03/01/2024 16:00,43.41,44.27,43.13,43.82,41426072
03/04/2024 16:00,44.27,46.61,43.85,45.61,59990811
03/05/2024 16:00,44.56,44.87,42.69,43.16,56655135
03/06/2024 16:00,43.93,45.51,43.56,44.51,52652045
03/07/2024 16:00,45.55,46.42,45.18,46.15,50378153
03/08/2024 16:00,46.44,46.63,44,44,54916599
03/11/2024 16:00,43.87,44.93,43.66,44.86,35050986
03/12/2024 16:00,45.06,45.27,44.46,45.24,31795832
3/13/2024 16:00:00,44.51,44.98,43.2,43.23,53195932
3/14/2024 16:00:00,43.23,43.35,42.51,42.75,38100016
3/15/2024 16:00:00,42.45,43.15,42.35,42.64,66952857
3/18/2024 16:00:00,43.09,43.38,42.6,42.71,27668282
3/19/2024 16:00:00,42.25,42.29,41.44,42.05,34672950
3/20/2024 16:00:00,42.99,43.01,41.41,42.2,74864992
3/21/2024 16:00:00,42.99,43.6,42.32,42.42,50807592
3/22/2024 16:00:00,42.25,42.8,42.09,42.57,28503057
3/25/2024 16:00:00,40.89,42.22,40.57,41.83,47276531
3/26/2024 16:00:00,41.95,42.27,41.66,41.99,39109651
3/27/2024 16:00:00,42.54,43.83,42.5,43.77,51017828
3/28/2024 16:00:00,43.76,44.6,43.71,44.17,54204194
04/01/2024 16:00,44.29,45.41,44.18,44.52,31712593
04/02/2024 16:00,43.93,44.08,43.5,43.94,32748360
04/03/2024 16:00,41.4,41.65,40.22,40.33,83717976
04/04/2024 16:00,40.59,40.78,39.7,39.73,57307233
04/05/2024 16:00,39.35,39.46,38.51,38.71,67263035
04/08/2024 16:00,38.64,38.86,37.91,37.98,56967788
04/09/2024 16:00,38.05,38.58,37.33,38.33,78782981
04/10/2024 16:00,38.02,38.22,37.02,37.2,51108380
04/11/2024 16:00,37.43,37.67,37.08,37.63,41909086
04/12/2024 16:00,36.69,36.7,35.6,35.69,80254789
4/15/2024 16:00:00,36.04,36.7,35.89,36.31,50751563
4/16/2024 16:00:00,36.27,36.51,35.76,36.26,30607502
4/17/2024 16:00:00,36.1,36.13,35.37,35.68,41173345
4/18/2024 16:00:00,35.42,35.66,34.77,35.04,42334395
4/19/2024 16:00:00,35.13,35.13,34.18,34.2,59070310
4/22/2024 16:00:00,34.42,34.57,34.08,34.41,39909927
4/23/2024 16:00:00,34.34,34.6,34.18,34.28,46834042
4/24/2024 16:00:00,34.86,35.18,34.34,34.5,53261096
4/25/2024 16:00:00,34.56,35.3,34.5,35.11,66549403
4/26/2024 16:00:00,31.78,32.24,30.64,31.88,119742494
4/29/2024 16:00:00,31.86,31.91,31.07,31.36,58533264
4/30/2024 16:00:00,31.04,31.18,30.42,30.47,72346359
05/01/2024 16:00,30.17,31.04,30.02,30.37,60654760
05/02/2024 16:00,30.59,30.67,30.19,30.51,50899442
05/03/2024 16:00,30.98,31.06,30.7,30.9,36794828
05/06/2024 16:00,31.12,31.2,30.73,30.97,36185572
05/07/2024 16:00,31.09,31.45,30.61,30.68,44683401
05/08/2024 16:00,30,30.15,29.73,30,63734597
05/09/2024 16:00,29.93,30.39,29.81,30.09,45003402
05/10/2024 16:00,30.33,30.46,29.84,29.85,42931290
5/13/2024 16:00:00,30.03,31.13,30,30.51,51459143
5/14/2024 16:00:00,30.62,31.11,30.61,31.05,47759855
5/15/2024 16:00:00,31.38,31.4,30.81,31.27,36992927
5/16/2024 16:00:00,31.63,32.26,31.52,32.03,47752828
5/17/2024 16:00:00,32.06,32.11,31.59,31.83,41449777
5/20/2024 16:00:00,31.85,32.42,31.76,32.1,31989000
5/21/2024 16:00:00,31.98,32.24,31.62,31.74,42975363
5/22/2024 16:00:00,31.91,32.07,31.1,31.42,36706435
5/23/2024 16:00:00,31.45,31.57,29.87,30.08,62014547
5/24/2024 16:00:00,30.29,31.02,30.13,30.72,42434488
5/28/2024 16:00:00,30.94,31.37,30.66,31.06,36799147
5/29/2024 16:00:00,30.47,30.67,30.11,30.13,35848611
5/30/2024 16:00:00,30.21,30.5,30.06,30.19,33382756
5/31/2024 16:00:00,30.22,30.96,29.94,30.85,95797529
06/03/2024 16:00,31.03,31.07,30.05,30.29,35544896
06/04/2024 16:00,30.75,30.75,29.94,30.03,51027179
06/05/2024 16:00,30.27,30.84,30.01,30.78,44161657
06/06/2024 16:00,30.55,30.59,30.16,30.42,34248118
06/07/2024 16:00,30.25,30.78,30.21,30.74,34085530
06/10/2024 16:00,30.55,30.95,30.29,30.91,37445807
06/11/2024 16:00,30.77,31.03,30.53,30.92,25326850
06/12/2024 16:00,31.46,31.48,30.39,30.76,51323936
6/13/2024 16:00:00,30.38,30.58,30.14,30.46,33787162
6/14/2024 16:00:00,30.29,30.56,30.21,30.45,28125886
6/17/2024 16:00:00,30.34,31,30.18,30.98,36235315
6/18/2024 16:00:00,30.99,31.47,30.5,30.63,33294749
6/20/2024 16:00:00,30.56,31.11,30.45,30.62,43826322
6/21/2024 16:00:00,30.85,31.36,30.67,31.09,92549024
6/24/2024 16:00:00,31.14,31.42,30.53,30.57,40611793
6/25/2024 16:00:00,30.7,30.83,30.29,30.74,29498583
6/26/2024 16:00:00,30.64,30.68,30.27,30.54,30742984
6/27/2024 16:00:00,30.42,30.66,30.29,30.59,30184278
6/28/2024 16:00:00,30.75,31.31,30.72,30.97,41467675
07/01/2024 16:00,30.91,31.02,30.61,30.84,32401760
07/02/2024 16:00,30.86,31.31,30.59,31.07,35999280
07/03/2024 13:05,31.12,31.34,30.91,31.23,24065673
07/05/2024 16:00,31.4,32.34,31.31,32.02,45309446
07/08/2024 16:00,33.03,34.09,32.82,33.99,82315937
07/09/2024 16:00,35.02,35.22,33.72,34.59,97788840
07/10/2024 16:00,34.44,34.97,34.13,34.87,52256195
07/11/2024 16:00,35.03,35.15,33.31,33.5,55213668
07/12/2024 16:00,33.77,35.48,33.77,34.49,62792646
7/15/2024 16:00:00,34.7,35.23,34.31,34.46,39847917
7/16/2024 16:00:00,34.36,34.45,33.84,34.34,28409906
7/17/2024 16:00:00,36.08,37.16,34.4,34.46,112304214
7/18/2024 16:00:00,34.96,36.3,34.53,34.87,84188608
7/19/2024 16:00:00,34.57,34.58,32.85,32.98,69628654
7/22/2024 16:00:00,33.28,33.41,32.76,33.37,48503749
7/23/2024 16:00:00,32.96,33.23,32.83,32.95,29466374
7/24/2024 16:00:00,32.53,32.8,31.66,31.7,62216669
7/25/2024 16:00:00,31.37,31.99,30.95,31.1,49774032
7/26/2024 16:00:00,31.43,31.56,31.02,31.35,38352543
7/29/2024 16:00:00,31.42,31.47,30.79,30.83,32342201
7/30/2024 16:00:00,30.85,30.91,30.01,30.13,48256628
7/31/2024 16:00:00,30.54,30.87,30.28,30.74,56110610
08/01/2024 16:00,30.43,30.71,28.89,29.05,107672516
08/02/2024 16:00,21.94,21.98,20.42,21.48,300895920
08/05/2024 16:00,20.2,20.39,19.29,20.11,147385697
08/06/2024 16:00,20.32,20.63,19.75,19.83,106670372
08/07/2024 16:00,19.92,20.25,18.95,18.99,97972290
08/08/2024 16:00,19.1,20.55,18.84,20.49,96836821
08/09/2024 16:00,20.08,20.15,19.5,19.71,76394546
08/12/2024 16:00,19.87,19.97,19,19.36,54677578
8/13/2024 16:00:00,19.48,20.48,19.47,20.47,77511346
8/14/2024 16:00:00,20.49,20.5,19.79,19.92,56758181
8/15/2024 16:00:00,20.32,21.06,20.23,20.69,84814880
8/16/2024 16:00:00,20.53,20.9,20.41,20.87,48582663
8/19/2024 16:00:00,20.89,21.86,20.84,21.52,65956303
8/20/2024 16:00:00,21.21,21.23,20.82,20.99,84161270
8/21/2024 16:00:00,21.07,21.44,21.07,21.41,57028870
8/22/2024 16:00:00,21.39,21.4,20.04,20.1,81444673
8/23/2024 16:00:00,20.32,20.93,20.26,20.54,73398430
8/26/2024 16:00:00,20.53,20.56,19.95,20.13,58534794
8/27/2024 16:00:00,20.13,20.26,19.84,20.07,43862017
8/28/2024 16:00:00,19.98,20.11,19.51,19.61,50144885
8/29/2024 16:00:00,19.76,20.6,19.75,20.13,64529661
8/30/2024 16:00:00,21.25,22.12,21,22.04,177785378
09/03/2024 16:00,21.54,21.69,19.99,20.1,115305533
09/04/2024 16:00,19.76,20.05,19.28,19.43,85871887
09/05/2024 16:00,19.28,19.9,19.24,19.4,65388789
09/06/2024 16:00,19.44,19.49,18.64,18.89,92686460
09/09/2024 16:00,19,19.54,18.95,19.07,64244126
09/10/2024 16:00,19.03,19.11,18.51,18.98,55621273
09/11/2024 16:00,19.01,19.69,18.52,19.64,71403141
09/12/2024 16:00,19.43,19.54,19.04,19.36,51602918
9/13/2024 16:00:00,19.49,19.8,19.49,19.66,44236271
9/16/2024 16:00:00,20.03,21.07,19.76,20.91,149337028
9/17/2024 16:00:00,21.71,22.58,21.24,21.47,196249783
9/18/2024 16:00:00,21.36,21.74,20.72,20.77,118727940
9/19/2024 16:00:00,21.28,21.69,21.03,21.14,99829168
9/20/2024 16:00:00,20.89,23.14,20.35,21.84,260377912
9/23/2024 16:00:00,22.43,22.82,22.03,22.56,184439134
9/24/2024 16:00:00,22.53,23.11,22.29,22.81,113082534
9/25/2024 16:00:00,22.8,24.06,22.73,23.54,117013357
9/26/2024 16:00:00,24.28,24.42,23.25,23.92,95416939
9/27/2024 16:00:00,24.16,24.66,23.7,23.91,85883278
9/30/2024 16:00:00,23.74,23.95,23.09,23.46,66460225
10/01/2024 16:00,23.46,23.72,22.26,22.69,86344357
10/02/2024 16:00,22.67,23.07,22.35,22.39,59033896
10/03/2024 16:00,22.14,22.73,21.65,22.26,49565931
10/04/2024 16:00,22.7,22.91,22.3,22.59,49966930
10/07/2024 16:00,22.4,22.65,22.02,22.38,54928674
10/08/2024 16:00,22.25,23.42,22.05,23.32,58650461
10/09/2024 16:00,23.25,23.48,23.06,23.46,44759018
10/10/2024 16:00,23.19,23.53,22.96,23.22,44874580
10/11/2024 16:00,23.05,23.82,22.98,23.56,43585252
10/14/2024 16:00:00,23.58,23.77,23.27,23.44,35403646
10/15/2024 16:00:00,23.41,23.72,22.47,22.66,68900556
10/16/2024 16:00:00,22.38,22.54,21.74,22.31,62151767
10/17/2024 16:00:00,22.72,22.82,22.4,22.44,43807577
10/18/2024 16:00:00,22.61,22.82,22.5,22.77,39971695
10/21/2024 16:00:00,22.61,22.88,22.25,22.84,39726985
10/22/2024 16:00:00,22.73,22.82,22.17,22.4,50160378
10/23/2024 16:00:00,22.3,22.43,21.58,21.98,45799051
10/24/2024 16:00:00,22.09,22.37,21.97,22.34,40554417
10/25/2024 16:00:00,22.42,23.34,22.41,22.68,67502984
10/28/2024 16:00:00,22.67,23.27,22.56,22.92,41914966
10/29/2024 16:00:00,22.87,23.14,22.41,22.9,83422242
10/30/2024 16:00:00,22.42,22.93,22.26,22.3,50941231
10/31/2024 16:00:00,22.15,22.25,21.47,21.52,112485547
11/01/2024 16:00,23,23.58,21.91,23.2,173471115
11/04/2024 16:00,22.96,23,22,22.52,84616300
11/05/2024 16:00,22.58,23.58,22.4,23.32,59153326
11/06/2024 16:00,24.3,25.12,24.05,25.05,116760537
11/07/2024 16:00,25.43,26.38,25.19,26.23,101489302
11/08/2024 16:00,26,26.43,25.83,26.2,76427983
11/11/2024 16:00,25.96,26.29,24.83,25.05,80185321
11/12/2024 16:00,24.66,24.96,23.89,24.16,62539733
11/13/2024 16:00:00,24.06,25.14,24.02,24.92,58201972
11/14/2024 16:00:00,25.12,25.61,24.93,25.03,49252121
11/15/2024 16:00:00,24.81,24.82,24.23,24.35,55104875
11/18/2024 16:00:00,24.33,25.02,24.16,24.84,59667333
11/19/2024 16:00:00,24.5,24.54,24.1,24.2,61190859
11/20/2024 16:00:00,24.07,24.21,23.55,24.01,50191510
11/21/2024 16:00:00,24.08,24.77,23.83,24.44,58928410
11/22/2024 16:00:00,24.35,24.68,24.14,24.5,36784715
11/25/2024 16:00:00,25.04,25.57,24.76,24.87,91128387
11/26/2024 16:00:00,24.95,24.99,23.81,24.05,69613557
11/27/2024 16:00:00,23.83,23.93,23.06,23.65,53992319
11/29/2024 13:05:00,23.72,24.28,23.6,24.05,36616750
12/02/2024 16:00,24.84,25.48,23.44,23.93,150497884
12/03/2024 16:00,23.68,23.75,22.44,22.47,138160493
12/04/2024 16:00,22.53,22.54,21.81,21.96,104648976
12/05/2024 16:00,22.04,22.19,20.66,20.8,167993483
12/06/2024 16:00,20.95,21.05,20.66,20.92,78539132
12/09/2024 16:00,20.92,21.06,20.73,20.81,68818217
12/10/2024 16:00,20.83,20.86,19.96,20.16,90004833
12/11/2024 16:00,20.14,20.25,19.87,20.12,75209342
12/12/2024 16:00,20.02,20.9,19.92,20.78,77695010
12/13/2024 16:00:00,20.6,20.8,20.25,20.34,55104079
12/16/2024 16:00:00,20.17,21.1,20,20.83,73832891
12/17/2024 16:00:00,20.64,20.77,20.29,20.44,51767153
12/18/2024 16:00:00,20.48,20.58,19.21,19.3,86041243
12/19/2024 16:00:00,19.53,19.69,19.03,19.06,69117805
12/20/2024 16:00:00,18.97,19.76,18.9,19.52,108453667
12/23/2024 16:00:00,19.58,20.23,19.52,20.2,57988375
12/24/2024 13:05:00,20.22,20.4,19.96,20.4,29884026
12/26/2024 16:00:00,20.23,20.67,20.08,20.44,39950380
12/27/2024 16:00:00,20.21,20.61,20.09,20.3,48260830
12/30/2024 16:00:00,20.01,20.11,19.73,19.82,59608126
12/31/2024 16:00:00,19.99,20.4,19.88,20.05,49846656
01/02/2025 16:00,20.23,20.43,20,20.22,46438529
01/03/2025 16:00,20.39,20.67,20.06,20.56,48983942
01/06/2025 16:00,20.83,20.98,19.78,19.87,83270990
01/07/2025 16:00,20.02,20.34,19.9,20.01,61726060
01/08/2025 16:00,19.83,20.12,19.71,19.88,47897071
01/10/2025 16:00,19.66,19.66,18.91,19.15,71244581
1/13/2025 16:00:00,18.92,19.25,18.73,19.2,50668970
1/14/2025 16:00:00,19.36,19.52,18.82,19.2,47147526
1/15/2025 16:00:00,19.4,19.77,19.17,19.72,56305989
1/16/2025 16:00:00,19.75,19.95,19.4,19.67,44898059
1/17/2025 16:00:00,21.26,21.62,20.79,21.49,166483914
1/21/2025 16:00:00,22.03,22.41,21.75,21.77,96262179
1/22/2025 16:00:00,21.73,22.29,21.57,21.86,60972578
1/23/2025 16:00:00,21.69,21.75,21.35,21.57,55778156
1/24/2025 16:00:00,21.36,21.41,20.75,20.83,66300614
1/27/2025 16:00:00,20.81,21.06,20.14,20.29,83582097
1/28/2025 16:00:00,20.34,20.34,19.74,19.8,73411385
1/29/2025 16:00:00,19.87,20.08,19.66,19.75,86506821
1/30/2025 16:00:00,19.72,20.1,19.43,20.01,108166983
1/31/2025 16:00:00,20.1,20.33,19.38,19.43,117474899
02/03/2025 16:00,18.97,19.75,18.78,19.38,77523142
02/04/2025 16:00,19.1,19.53,19.02,19.29,54098200
02/05/2025 16:00,19.19,19.77,18.91,19.65,66250254
02/06/2025 16:00,19.51,19.7,19.22,19.38,45553771
02/07/2025 16:00,19.35,19.36,19.03,19.1,58277917
02/10/2025 16:00,19.25,20.08,19.24,19.77,73007266
02/11/2025 16:00,19.87,21.88,19.86,20.97,150960704
02/12/2025 16:00,21.98,22.56,20.93,22.48,162631182
2/13/2025 16:00:00,22.84,24.83,22.79,24.13,248661333
2/14/2025 16:00:00,24.36,25.19,22.86,23.6,230254092
2/18/2025 16:00:00,24.6,27.55,24.49,27.39,284292210
2/19/2025 16:00:00,25.98,26.33,25.46,25.72,151881727
2/20/2025 16:00:00,25.56,26.12,24.48,26.09,144939566
2/21/2025 16:00:00,25.96,26.29,24.84,24.87,111630859
2/24/2025 16:00:00,24.55,24.8,23.62,24.27,91358071
2/25/2025 16:00:00,24.21,24.28,22.77,22.99,88886469
2/26/2025 16:00:00,23.25,23.82,23.21,23.52,67449304
2/27/2025 16:00:00,23.7,24.4,23.07,23.09,97871945
2/28/2025 16:00:00,23.02,24.44,22.64,23.73,104133777
03/03/2025 16:00,25,25.04,22.52,22.74,141348692
03/04/2025 16:00,22.54,22.63,20.76,21.33,152182200
03/05/2025 16:00,21.33,21.36,20.18,20.81,127219259
03/06/2025 16:00,20.26,21.13,20,20.75,96466381
03/07/2025 16:00,20.27,21.2,20.11,20.64,81099646
03/10/2025 16:00,20.24,20.51,19.65,19.93,82760577
03/11/2025 16:00,19.97,20.06,19.29,19.78,80788985
03/12/2025 16:00,20.79,21.17,20.21,20.68,128671089
3/13/2025 16:00:00,23.5,24.53,23.13,23.7,243260993
3/14/2025 16:00:00,23.68,24.37,23.52,24.05,116901643
3/17/2025 16:00:00,24.42,26.15,24.37,25.69,160723633
3/18/2025 16:00:00,25.55,26.41,25.39,25.92,132488822
3/19/2025 16:00:00,24.9,25.23,24.03,24.12,135491427
3/20/2025 16:00:00,23.77,24.31,23.73,23.96,68937584
3/21/2025 16:00:00,23.6,24.7,23.49,24.26,94110710
3/24/2025 16:00:00,24.72,24.99,24.13,24.22,69169028
3/25/2025 16:00:00,24.18,24.75,24.11,24.2,51743281
3/26/2025 16:00:00,24.25,24.42,23.25,23.42,59678008
3/27/2025 16:00:00,23.29,23.76,22.86,23.62,57720584
3/28/2025 16:00:00,23.35,23.58,22.56,22.71,58365257
3/31/2025 16:00:00,22.38,22.75,21.75,22.71,65832019
04/01/2025 16:00,22.56,22.62,21.66,22.05,64060355
04/02/2025 16:00,21.89,22.38,21.7,21.98,58878848
04/03/2025 16:00,21.4,23.9,20.86,22.43,242972129
04/04/2025 16:00,21.7,22.2,19.7,19.85,175014739
04/07/2025 16:00,19.14,20.67,18.56,19.57,142491152
04/08/2025 16:00,20.06,20.39,17.67,18.13,163982681
04/09/2025 16:00,18.07,21.73,17.98,21.53,224183490
04/10/2025 16:00,20.68,20.82,19.16,19.88,129064855
04/11/2025 16:00,19.25,19.8,18.18,19.74,128425810
4/14/2025 16:00:00,20.59,21.05,19.98,20.31,101964371
4/15/2025 16:00:00,20.2,20.47,19.81,19.85,64056895
4/16/2025 16:00:00,19.34,19.43,18.72,19.23,89469703
4/17/2025 16:00:00,18.91,19.1,18.56,18.93,85646667
4/21/2025 16:00:00,18.93,18.99,18.25,18.84,72409946
4/22/2025 16:00:00,19.06,19.74,19.04,19.51,83365634
4/23/2025 16:00:00,20.72,21.03,20.31,20.59,97188101
4/24/2025 16:00:00,21.04,21.55,20.88,21.49,117086220
4/25/2025 16:00:00,19.73,20.18,19.34,20.05,147711174
4/28/2025 16:00:00,20.12,21.08,20.05,20.51,96624416
4/29/2025 16:00:00,20.31,20.85,20.22,20.34,70031864
4/30/2025 16:00:00,19.71,20.18,19.55,20.1,68297323
05/01/2025 16:00,20.22,20.65,19.94,19.98,72607511
05/02/2025 16:00,20.26,20.78,20.21,20.62,63298512
05/05/2025 16:00,20.39,20.58,20.24,20.27,44236981
05/06/2025 16:00,19.92,20.12,19.77,19.94,51330772
05/07/2025 16:00,19.97,20.37,19.82,20.31,61134293
05/08/2025 16:00,21.01,21.24,20.64,21,71651698
05/09/2025 16:00,21.2,21.45,20.83,21.42,51768565
05/12/2025 16:00,22.18,22.67,21.88,22.18,94578691
5/13/2025 16:00:00,22.36,22.88,22.3,22.56,76850385
5/14/2025 16:00:00,22.35,22.46,21.46,21.52,91584827
5/15/2025 16:00:00,21.23,21.63,21.19,21.55,66705457
5/16/2025 16:00:00,21.53,21.76,21.35,21.66,55795144
5/19/2025 16:00:00,21.18,21.56,21.05,21.38,64279077
5/20/2025 16:00:00,21.33,21.41,21.12,21.27,48497384
5/21/2025 16:00:00,21.19,21.63,20.59,20.69,62904697
5/22/2025 16:00:00,21.19,21.63,20.59,20.69,1347701
5/23/2025 16:00:00,20.16,20.27,19.94,20.05,68206064
5/27/2025 16:00:00,20.44,20.67,20.18,20.55,69504564
5/28/2025 16:00:00,20.57,20.64,20.33,20.37,46096476
5/29/2025 16:00:00,20.54,20.6,20.1,20.25,66485207
5/30/2025 16:00:00,20.26,20.26,19.31,19.55,114281897
06/02/2025 16:00,19.48,19.82,19.37,19.74,67885473
06/03/2025 16:00,19.75,20.41,19.4,20.29,80401865
06/04/2025 16:00,20.34,20.5,20.01,20.25,71166549
06/05/2025 16:00,20.27,20.55,19.85,19.99,72595606
06/06/2025 16:00,20.17,20.44,20.03,20.06,70072846
06/09/2025 16:00,20.22,20.96,20.22,20.48,92893898
06/10/2025 16:00,20.5,22.44,20.28,22.08,171457008
06/11/2025 16:00,21.78,21.83,20.38,20.68,146784468
06/12/2025 16:00,20.5,20.98,20.41,20.77,78175914
6/13/2025 16:00:00,20.33,20.6,20.1,20.14,87655889
6/16/2025 16:00:00,20.41,20.93,20.3,20.74,86745123
6/17/2025 16:00:00,20.63,21.48,20.62,20.8,87512156
6/18/2025 16:00:00,20.81,21.6,20.66,21.49,94200572
6/20/2025 16:00:00,21.7,21.89,20.88,21.08,133472814
6/23/2025 16:00:00,21.07,21.58,20.73,21.19,81460982
6/24/2025 16:00:00,21.34,22.69,21.33,22.55,130368742
6/25/2025 16:00:00,22.58,22.77,22.13,22.2,64975117
6/26/2025 16:00:00,22.4,22.62,22.21,22.5,63229338
6/27/2025 16:00:00,22.71,23.38,22.42,22.69,95542384
6/30/2025 16:00:00,22.97,22.97,22.27,22.4,77102415
07/01/2025 16:00,22.33,23.16,22.28,22.85,79094907
07/02/2025 16:00,22.53,22.77,21.52,21.88,138245252
07/03/2025 13:05,22.15,22.63,21.99,22.49,61175951
07/07/2025 16:00,22.21,22.39,21.86,22,80725235
07/08/2025 16:00,22.18,23.79,22.13,23.59,119545462
07/09/2025 16:00,23.29,23.53,23.13,23.44,70247739
07/10/2025 16:00,23.63,24.04,23.48,23.82,54599844
07/11/2025 16:00,23.56,23.66,23.16,23.43,49367905
7/14/2025 16:00:00,23.24,23.4,22.88,23.3,48420516
7/15/2025 16:00:00,23.57,23.78,22.9,22.92,66099351
7/16/2025 16:00:00,22.99,23.13,22.25,22.69,58865893
7/17/2025 16:00:00,22.66,23.05,22.59,22.8,49384037
7/18/2025 16:00:00,23.22,23.59,22.9,23.1,60195598
7/21/2025 16:00:00,23.4,23.83,23.16,23.26,61657989
7/22/2025 16:00:00,23.34,23.54,23.08,23.24,53969845
7/23/2025 16:00:00,23.26,23.62,22.92,23.49,68711715
7/24/2025 16:00:00,23.49,23.58,22.6,22.63,131963323
7/25/2025 16:00:00,20.68,21.05,20.36,20.7,245077682
7/28/2025 16:00:00,20.82,21.29,20.65,20.68,86105582
7/29/2025 16:00:00,20.69,20.85,20.34,20.41,100831524
7/30/2025 16:00:00,20.43,20.62,20.08,20.34,67420330
7/31/2025 16:00:00,20.17,20.23,19.66,19.8,90665198
08/01/2025 16:00,19.5,19.55,18.97,19.31,86496139
08/04/2025 16:00,19.52,19.59,19.35,19.5,69249371
08/05/2025 16:00,19.7,20.54,19.68,20.19,97338249
08/06/2025 16:00,20.12,20.48,19.87,20.41,67074217
08/07/2025 16:00,20,20.44,19.6,19.77,131382767
08/08/2025 16:00,20,20.02,19.61,19.95,75415017
08/11/2025 16:00,20.45,21.6,20.44,20.65,175545596
08/12/2025 16:00,21.2,21.86,20.76,21.81,134488173
8/13/2025 16:00:00,21.62,22.3,21.36,22.22,86024355
8/14/2025 16:00:00,21.99,24.2,21.9,23.86,188052460
8/15/2025 16:00:00,25.01,25.65,24.11,24.56,310161102
8/18/2025 16:00:00,24,24.9,23.21,23.66,212515617
8/19/2025 16:00:00,24.94,26.53,24.94,25.31,297659156
8/20/2025 16:00:00,24.9,24.93,23.33,23.54,161149398
8/21/2025 16:00:00,23.53,23.57,22.78,23.5,97718294
8/22/2025 16:00:00,23.65,25.23,23.65,24.8,200266834
8/25/2025 16:00:00,25.5,25.88,24.44,24.55,156825631
8/26/2025 16:00:00,24.58,24.74,24.1,24.35,78558225
8/27/2025 16:00:00,24.19,24.99,24.05,24.85,90934420
8/28/2025 16:00:00,24.96,25.14,24.61,24.93,60035093
8/29/2025 16:00:00,24.76,24.97,24.28,24.35,63734417
09/02/2025 16:00,23.88,24.24,23.68,24.21,57661836
09/03/2025 16:00,24.09,24.09,23.72,24,47822866
09/04/2025 16:00,23.85,24.64,23.75,24.61,59056496
09/05/2025 16:00,24.6,24.71,24.17,24.49,55975270
09/08/2025 16:00,24.48,24.74,24.12,24.48,51122136
09/09/2025 16:00,24.53,24.81,24.27,24.44,42146182
09/10/2025 16:00,24.42,24.87,24.28,24.77,61600705
09/11/2025 16:00,24.76,24.93,24.57,24.61,55536921
09/12/2025 16:00,24.61,24.63,24.05,24.08,52672821
9/15/2025 16:00:00,24.33,25.46,24.22,24.77,83951622
9/16/2025 16:00:00,24.82,25.34,24.69,25.27,60336569
9/17/2025 16:00:00,25.08,25.26,24.45,24.9,63093682
9/18/2025 16:00:00,31.78,32.38,30.16,30.57,523907959
9/19/2025 16:00:00,30.38,30.63,29.33,29.58,225702854
9/22/2025 16:00:00,29.67,30.1,28.73,28.76,130314474
9/23/2025 16:00:00,28.99,30.2,28.82,29.34,126317911
9/24/2025 16:00:00,29.38,31.7,29.23,31.22,164458509
9/25/2025 16:00:00,31.61,34.25,31.21,33.99,295709290
9/26/2025 16:00:00,35.02,36.3,34.49,35.5,268583278
9/29/2025 16:00:00,34.52,35.05,33.73,34.48,152605909
9/30/2025 16:00:00,33.93,34.24,33.02,33.55,124818376
10/01/2025 16:00,33.53,36.06,33.5,35.94,162649650
10/02/2025 16:00,35.76,37.57,35.44,37.3,149361652
10/03/2025 16:00,37.95,38.08,36.45,36.83,125359342
10/06/2025 16:00,37.19,38.68,36.43,36.59,112086069
10/07/2025 16:00,36.64,38.05,36.35,37.17,111140155
10/08/2025 16:00,36.55,37.79,35.91,37.43,103202085
10/09/2025 16:00,37.53,38.1,36.86,37.8,89884658
10/10/2025 16:00,38.46,39.65,36.3,36.37,183063296
10/13/2025 16:00:00,36.44,37.51,36.28,37.22,104020679
10/14/2025 16:00:00,36,36.55,34.69,35.63,117908345
10/15/2025 16:00:00,36.4,37.49,35.64,37.15,99242706
10/16/2025 16:00:00,37.15,38.02,36.41,36.84,83357846
10/17/2025 16:00:00,36.36,38.38,36.08,37.01,119394707
10/20/2025 16:00:00,37.57,38.52,37.56,38.1,80230234
10/21/2025 16:00:00,38.14,38.35,37.67,38.12,73134908
10/22/2025 16:00:00,37.84,37.93,36.04,36.92,87099905
10/23/2025 16:00:00,36.6,38.4,36.43,38.16,121974238
10/24/2025 16:00:00,40.02,41.12,37.83,38.28,246379974
10/27/2025 16:00:00,38.39,40.67,38.23,39.54,160007604
10/28/2025 16:00:00,39.59,42.48,39.54,41.53,181256370
10/29/2025 16:00:00,41.6,42.04,40.92,41.34,106962947
10/30/2025 16:00:00,40.97,41.43,40.11,40.16,84855468
10/31/2025 16:00:00,40.68,40.83,39.79,39.99,80471369
11/03/2025 16:00,40.25,40.45,39.05,39.5,61267512
11/04/2025 16:00,38.14,38.25,36.63,37.03,102250306
11/05/2025 16:00,37.42,38.69,37.11,38.38,74631599
11/06/2025 16:00,38.34,39.84,36.8,37.24,77629908
11/07/2025 16:00,37.26,38.27,36.97,38.13,95521436
11/10/2025 16:00,38.93,39.53,37.97,38.45,77820266
11/11/2025 16:00,38.15,38.22,37.49,37.88,53741898
11/12/2025 16:00,38.06,38.2,37.35,37.89,53875959
11/13/2025 16:00:00,37.27,37.31,35.45,35.91,95593170
11/14/2025 16:00:00,35.03,36.1,34.62,35.52,71716180
11/17/2025 16:00:00,35.45,35.73,34.23,34.71,72580118
11/18/2025 16:00:00,34.25,34.76,33.57,34.33,61504802
11/19/2025 16:00:00,34.33,35.75,34.25,35.11,67115474
11/20/2025 16:00:00,36,36.68,33.48,33.62,96389096
11/21/2025 16:00:00,33.51,34.98,32.89,34.5,105641670
11/24/2025 16:00:00,34.97,36.16,34.69,35.79,103804208
11/25/2025 16:00:00,35.55,36.13,34.68,35.83,62203283
11/26/2025 16:00:00,36.2,37.24,36.13,36.81,54563435
11/28/2025 13:05:00,37.4,40.59,37.34,40.56,95799486
12/01/2025 16:00,39.86,40.38,39.6,40.01,74534896
12/02/2025 16:00,40.47,43.68,40.05,43.47,167205815
12/03/2025 16:00,43.39,44.02,42.51,43.76,91957186
12/04/2025 16:00,43.26,43.28,40.14,40.5,107850164
12/05/2025 16:00,41.16,42.83,41.15,41.41,103042015
12/08/2025 16:00,41.94,42.12,39.7,40.3,93953619
12/09/2025 16:00,40.73,41.26,40.03,40.5,61877155
12/10/2025 16:00,40.11,40.99,38.89,40.78,75974890
12/11/2025 16:00,40.07,40.19,39.08,39.51,59096759
12/12/2025 16:00,39.24,40.03,37.62,37.81,87784470
12/15/2025 16:00:00,38.33,38.48,37.32,37.51,60898465
12/16/2025 16:00:00,37.58,37.96,36.92,37.31,50490257
12/17/2025 16:00:00,37.59,37.84,35.97,36.05,54791951
12/18/2025 16:00:00,37.38,37.49,35.67,36.28,69468393
12/19/2025 16:00:00,36.48,37.58,36.44,36.82,163221251
12/22/2025 16:00:00,37.89,37.9,36.29,36.37,51685394
12/23/2025 16:00:00,36.24,36.8,36.03,36.35,35957954
12/24/2025 13:05:00,35.17,36.17,34.95,36.16,37443756
12/26/2025 16:00:00,36.17,36.49,35.85,36.2,28779396
12/29/2025 16:00:00,36.01,36.8,35.82,36.68,38062295
12/30/2025 16:00:00,36.91,38.26,36.82,37.3,61935279
12/31/2025 16:00:00,37.4,37.58,36.87,36.9,51524682
